Timestamp,Temperature (C),Humidity (%)
2025-08-12 08:49:04,0.7,0
2025-08-12 08:49:15,30.0,77
2025-08-12 08:49:25,30.4,77
2025-08-12 08:49:56,30.7,77
2025-08-12 08:50:06,30.7,77
2025-08-12 08:50:37,30.7,77
2025-08-12 08:50:47,30.3,77
2025-08-12 08:50:57,30.4,77
2025-08-12 08:51:28,30.5,77
2025-08-12 08:51:38,30.2,77
2025-08-12 08:51:49,30.1,77
2025-08-12 08:51:59,30.3,77
2025-08-12 08:52:09,30.8,77
2025-08-12 08:53:00,30.7,77
2025-08-12 08:53:31,30.7,77
2025-08-12 08:53:42,30.7,77
2025-08-12 08:53:52,30.8,77
2025-08-12 08:54:02,30.4,77
2025-08-12 08:54:12,30.4,77
2025-08-12 08:54:23,30.5,77
2025-08-12 10:35:27,0.2,0
2025-08-12 10:35:58,27.1,56
2025-08-12 10:36:08,27.2,56
2025-08-12 10:36:18,27.8,56
2025-08-12 10:36:39,27.2,56
2025-08-12 10:37:00,27.6,56
2025-08-12 10:37:20,27.7,56
2025-08-12 10:37:30,27.7,56
2025-08-12 10:37:51,27.5,56
2025-08-12 13:46:33,0.4,0,1023
2025-08-12 13:46:54,30.3,69,1023
2025-08-12 13:47:05,29.3,69,1023
2025-08-12 13:47:36,29.7,70,1023
2025-08-12 13:47:46,29.8,70,1023
2025-08-12 13:48:06,29.7,70,1023
2025-08-12 13:48:29,29.3,69,1023
2025-08-12 13:48:59,29.6,70,1023
2025-08-12 13:49:10,29.1,69,1023
2025-08-12 13:49:20,29.3,69,1023
2025-08-12 13:49:30,29.1,69,1023
2025-08-12 13:49:40,29.1,69,1023
2025-08-12 13:49:51,29.7,69,1010
2025-08-12 13:50:11,30.3,69,1013
2025-08-12 13:50:22,30.5,69,1017
2025-08-12 13:51:23,29.7,69,1014
2025-08-12 13:51:34,29.6,69,1015
2025-08-12 13:51:44,30.3,69,1015
2025-08-12 13:51:54,30.5,69,1022
2025-08-12 13:52:04,30.5,69,1022
2025-08-12 13:52:15,30.4,69,1022
2025-08-12 13:52:25,30.6,69,1021
2025-08-12 13:52:35,30.5,69,1023
2025-08-12 13:52:45,30.4,69,1023
2025-08-12 13:52:56,30.9,69,1023
2025-08-12 13:53:06,30.6,69,1023
2025-08-12 13:53:16,30.3,69,1023
2025-08-12 13:53:27,30.8,69,1023
2025-08-12 14:20:36,0.4,0,1023
2025-08-12 14:20:48,30.0,69,1023
2025-08-12 14:20:58,30.5,69,1021
2025-08-12 14:21:09,30.2,69,1023
2025-08-12 14:21:19,30.0,69,1023
2025-08-12 14:21:29,30.8,69,1023
2025-08-12 14:21:39,30.8,69,1023
2025-08-12 14:23:01,30.1,69,1023
2025-08-12 14:23:22,30.8,69,1023
2025-08-12 14:23:32,30.9,69,1023
2025-08-12 14:23:43,30.9,69,1023
2025-08-12 14:24:03,30.7,69,1023
2025-08-12 14:24:13,29.3,69,1023
2025-08-12 14:24:24,29.0,69,1023
2025-08-12 14:24:44,30.2,69,1023
2025-08-12 14:25:25,30.4,69,1023
2025-08-12 14:25:36,30.8,69,1023
2025-08-12 14:26:06,30.3,69,1023
2025-08-12 14:26:27,30.4,69,1019
2025-08-12 14:26:37,30.9,69,1011
2025-08-12 14:26:47,30.6,69,1019
2025-08-12 14:26:58,30.9,69,1021
2025-08-12 14:27:08,30.4,69,1023
2025-08-12 14:27:18,30.7,69,1019
2025-08-12 14:27:59,30.9,68,1006
2025-08-12 14:28:10,30.4,69,1023
2025-08-12 14:28:20,30.9,68,1023
2025-08-12 14:28:30,30.4,68,1023
2025-08-12 14:28:40,30.2,68,1023
2025-08-12 14:28:51,30.6,68,1022
2025-08-12 14:29:21,30.7,68,1023
2025-08-12 14:29:32,30.4,69,1022
2025-08-12 14:30:13,30.0,68,1023
2025-08-12 14:30:33,30.7,68,1023
2025-08-12 14:30:54,30.6,68,1023
2025-08-12 14:31:14,30.0,68,1023
2025-08-12 14:31:35,30.3,68,1023
2025-08-12 14:31:45,30.4,68,1023
2025-08-12 14:31:56,30.9,68,1023
2025-08-12 14:32:06,30.7,68,1023
2025-08-12 14:32:37,30.1,68,1023
2025-08-12 14:32:47,30.7,68,1023
2025-08-12 14:33:07,30.4,68,1023
2025-08-12 14:33:18,30.5,68,1023
2025-08-12 14:34:40,30.6,68,1023
2025-08-12 14:35:00,30.8,68,1023
2025-08-12 14:35:21,30.1,68,1023
2025-08-12 14:35:31,30.4,68,1023
2025-08-12 14:36:02,30.9,68,1023
2025-08-12 14:36:12,30.1,68,1023
2025-08-12 14:36:23,30.7,68,1023
2025-08-12 14:36:33,30.5,68,1023
2025-08-12 14:36:43,30.8,68,1023
2025-08-12 14:36:53,30.7,68,1023
2025-08-12 14:37:04,30.9,68,1023
2025-08-12 14:37:35,30.2,68,1023
2025-08-12 14:37:45,30.2,68,1023
2025-08-12 14:37:55,30.1,68,1023
2025-08-12 14:38:05,30.8,68,1023
2025-08-12 14:39:07,30.8,68,1023
2025-08-12 14:40:19,30.5,68,1023
2025-08-12 14:40:39,30.6,68,1023
2025-08-12 14:40:50,30.0,68,1023
2025-08-12 14:41:10,30.3,68,1023
2025-08-12 14:41:20,30.3,68,1023
2025-08-12 14:41:31,30.7,68,1023
2025-08-12 14:41:41,30.6,68,1023
2025-08-12 14:41:51,30.9,68,1023
2025-08-12 14:42:02,30.4,68,1023
2025-08-12 14:42:12,30.3,68,1023
2025-08-12 14:42:22,30.6,68,1023
2025-08-12 14:42:32,30.7,68,1023
2025-08-12 14:42:53,30.9,68,1023
2025-08-12 14:43:13,30.5,68,1023
2025-08-12 14:43:44,30.5,67,1023
2025-08-12 14:43:55,30.4,67,1023
2025-08-12 14:44:25,30.7,67,1023
2025-08-12 14:44:36,30.9,67,1023
2025-08-12 14:44:56,30.3,67,1023
2025-08-12 14:45:06,30.1,67,1023
2025-08-12 14:45:17,30.1,67,1023
2025-08-12 14:45:37,30.6,67,1023
2025-08-12 14:45:47,30.2,67,1022
2025-08-12 14:45:58,30.0,67,1023
2025-08-12 14:46:08,30.9,67,1022
2025-08-12 14:46:18,30.1,67,1023
2025-08-12 14:46:39,30.9,67,1023
2025-08-12 14:46:59,30.7,67,1023
2025-08-12 14:47:10,30.7,67,1023
2025-08-12 14:47:20,30.2,67,1023
2025-08-12 14:47:30,30.7,67,1023
2025-08-12 14:48:01,30.9,67,1023
2025-08-12 14:48:22,30.2,68,1023
2025-08-12 14:48:32,30.6,67,1023
2025-08-12 14:48:42,30.4,68,1022
2025-08-12 14:48:52,30.8,67,1023
2025-08-12 14:49:03,30.8,67,1021
2025-08-12 14:49:13,30.2,67,1022
2025-08-12 14:49:23,30.0,68,1023
2025-08-12 14:49:33,30.2,68,1023
2025-08-12 14:49:54,30.4,67,1023
2025-08-12 14:50:25,30.2,68,1022
2025-08-12 14:50:35,30.4,68,1022
2025-08-12 14:50:56,30.1,68,1023
2025-08-12 14:51:06,30.6,68,1023
2025-08-12 14:51:16,30.6,68,1023
2025-08-12 14:51:26,30.5,68,1022
2025-08-12 14:51:37,30.4,68,1023
2025-08-12 14:51:47,30.3,68,1023
2025-08-12 14:51:57,30.5,68,1023
2025-08-12 14:52:18,30.1,68,1022
2025-08-12 14:52:28,30.0,68,1020
2025-08-12 14:52:38,30.0,68,1023
2025-08-12 14:52:49,30.4,68,1023
2025-08-12 14:52:59,30.1,68,1023
2025-08-12 14:53:09,30.5,68,1023
2025-08-12 14:53:19,30.6,68,1023
2025-08-12 14:53:30,30.0,68,1023
2025-08-12 14:53:40,30.6,68,1022
2025-08-12 14:53:50,30.6,68,1023
2025-08-12 14:54:00,30.7,68,1023
2025-08-12 14:54:21,30.7,68,1023
2025-08-12 14:54:41,30.5,68,1022
2025-08-12 14:55:02,30.3,68,1023
2025-08-12 14:55:12,30.3,68,1023
2025-08-12 14:55:33,30.4,68,1023
2025-08-12 14:55:43,30.8,68,1023
2025-08-12 14:55:53,30.0,68,1023
2025-08-12 14:56:04,30.9,68,1023
2025-08-12 14:56:34,30.3,68,1023
2025-08-12 14:56:45,30.4,68,1023
2025-08-12 14:56:55,30.4,68,1023
2025-08-12 14:57:05,30.2,68,1023
2025-08-12 14:57:46,30.4,68,1023
2025-08-12 14:57:57,30.3,68,1023
2025-08-12 14:58:07,30.1,68,1023
2025-08-12 17:37:02,0.5,0,22
2025-08-12 17:37:12,30.3,79,1023
2025-08-12 17:37:22,30.9,79,1023
2025-08-12 17:37:32,30.2,79,22
2025-08-12 17:37:53,30.6,79,1023
2025-08-12 17:38:14,30.6,80,1023
2025-08-12 17:38:57,30.7,80,22
2025-08-12 17:39:07,30.6,80,1023
2025-08-12 17:39:27,30.9,80,1023
2025-08-12 17:39:38,30.3,80,22
2025-08-12 17:39:48,30.4,80,1023
2025-08-12 17:42:36,30.7,80,5
2025-08-12 17:42:46,30.7,78,882
2025-08-12 17:42:56,30.1,78,880
2025-08-12 17:43:17,30.1,78,878
2025-08-12 17:43:37,30.6,78,881
2025-08-12 17:43:47,30.3,78,879
2025-08-12 21:44:23,0.1,0,1023
2025-08-12 21:44:33,29.7,76,1023
2025-08-12 21:44:43,29.7,76,1023
2025-08-12 21:44:54,29.1,76,1023
2025-08-12 21:45:04,29.3,76,1023
2025-08-12 21:45:25,29.4,76,1023
2025-08-12 21:45:35,29.2,76,1023
2025-08-12 21:45:55,29.1,76,1023
2025-08-12 21:46:06,29.7,76,1023
2025-08-12 21:46:16,29.6,76,1023
2025-08-12 21:46:26,29.1,76,1023
2025-08-12 21:46:47,29.7,76,1023
2025-08-12 21:46:57,29.8,76,1023
2025-08-12 21:47:07,29.5,76,1023
2025-08-12 21:47:17,29.5,76,1023
2025-08-12 21:47:28,29.8,75,1023
2025-08-12 21:47:38,29.6,75,1023
2025-08-12 21:47:48,29.7,75,1023
2025-08-12 21:47:59,29.9,75,1023
2025-08-12 21:48:09,29.5,75,1023
2025-08-12 21:48:19,29.4,75,1023
2025-08-12 21:48:29,29.0,75,1023
2025-08-12 21:48:40,29.6,75,1023
2025-08-12 21:48:50,29.6,75,1023
2025-08-12 21:49:00,29.6,75,1023
2025-08-12 21:49:10,29.5,75,1023
2025-08-12 21:49:21,29.2,75,1023
2025-08-12 21:49:31,29.1,75,1023
2025-08-12 21:49:41,29.1,75,1023
2025-08-12 21:50:02,29.1,75,1023
2025-08-12 21:50:12,29.7,75,1023
2025-08-12 21:50:22,29.3,75,1023
2025-08-12 21:50:33,29.4,75,1023
2025-08-12 21:50:43,29.0,75,1023
2025-08-12 21:51:03,29.7,75,1023
2025-08-12 21:51:14,29.6,75,1023
2025-08-12 21:51:45,30.1,75,1023
2025-08-12 21:51:55,30.7,75,1023
2025-08-12 21:52:05,30.2,75,1023
2025-08-12 21:52:15,30.7,75,1023
2025-08-12 21:52:26,30.4,75,1023
2025-08-12 21:52:36,30.1,75,1023
2025-08-12 21:52:56,30.5,75,1023
2025-08-12 21:53:17,30.4,75,1023
2025-08-12 21:53:48,30.5,74,1023
2025-08-12 21:54:39,30.1,75,1023
2025-08-12 21:55:42,30.4,75,1023
2025-08-12 21:56:13,30.4,75,1023
2025-08-12 21:56:23,30.0,75,1023
2025-08-12 21:56:44,30.9,75,1023
2025-08-12 21:56:54,30.4,75,1023
2025-08-12 21:57:04,30.2,75,1023
2025-08-12 21:57:14,30.8,75,1023
2025-08-12 21:57:25,30.3,75,1023
2025-08-12 21:57:35,30.6,75,1023
2025-08-12 21:58:06,30.0,75,1023
2025-08-12 21:58:16,30.7,75,1023
2025-08-12 21:58:26,30.2,75,1023
2025-08-12 21:58:37,30.7,75,1023
2025-08-12 21:58:57,30.7,75,1023
2025-08-12 21:59:07,30.3,75,1023
2025-08-12 21:59:18,30.9,75,1023
2025-08-12 21:59:28,30.4,75,1023
2025-08-12 21:59:38,30.9,75,1023
2025-08-12 21:59:48,30.5,75,1023
2025-08-12 21:59:59,30.2,75,1023
2025-08-12 22:00:09,30.8,75,1023
2025-08-12 22:00:19,30.2,75,1023
2025-08-12 22:00:40,30.4,75,1023
2025-08-12 22:00:50,30.2,75,1023
2025-08-12 22:01:00,30.8,75,1023
2025-08-12 22:01:21,30.1,75,1023
2025-08-12 22:01:31,30.4,75,1023
2025-08-12 22:01:52,30.1,75,1023
2025-08-12 22:02:02,30.5,75,1023
2025-08-12 22:02:12,30.5,75,1023
2025-08-12 22:02:22,30.7,74,1023
2025-08-12 22:02:43,30.0,75,1023
2025-08-12 22:03:04,30.4,75,1023
2025-08-12 22:03:14,30.2,75,1023
2025-08-12 22:03:34,30.2,75,1023
2025-08-12 22:03:45,30.1,75,1023
2025-08-12 22:03:55,30.9,75,1023
2025-08-12 22:04:05,30.8,75,1023
2025-08-12 22:04:15,30.7,75,1023
2025-08-12 22:04:36,30.3,75,1023
2025-08-12 22:04:57,30.7,75,1023
2025-08-12 22:05:07,30.7,75,1023
2025-08-12 22:05:17,30.1,75,1023
2025-08-12 22:05:27,30.5,75,1023
2025-08-12 22:05:38,30.6,75,1023
2025-08-12 22:05:48,30.4,75,1023
2025-08-12 22:06:19,30.6,75,1023
2025-08-12 22:06:29,30.2,75,1023
2025-08-12 22:06:39,30.2,75,1023
2025-08-12 22:07:10,30.7,75,1023
2025-08-12 22:07:20,30.4,75,1023
2025-08-12 22:07:31,30.0,75,1023
2025-08-12 22:07:41,30.2,75,1023
2025-08-12 22:08:01,30.1,75,1023
2025-08-12 22:08:12,30.5,75,1023
2025-08-12 22:08:22,30.1,74,1023
2025-08-12 22:08:32,30.4,75,1023
2025-08-12 22:08:42,30.2,75,1023
2025-08-12 22:10:15,30.2,75,1023
2025-08-12 22:10:36,30.3,75,1023
2025-08-12 22:10:46,30.7,75,1023
2025-08-12 22:11:27,30.3,75,1023
2025-08-12 22:11:48,30.7,75,1023
2025-08-12 22:12:08,30.3,74,1023
2025-08-12 22:12:18,30.3,74,1023
2025-08-12 22:12:29,30.0,75,1023
2025-08-12 22:12:49,30.8,75,1023
2025-08-12 22:13:00,30.0,75,1023
2025-08-12 22:13:10,30.8,75,1023
2025-08-12 22:13:20,30.4,75,1023
2025-08-12 22:13:41,30.6,75,1023
2025-08-12 22:14:01,30.7,75,1023
2025-08-12 22:14:22,30.7,75,1023
2025-08-12 22:14:32,30.3,75,1023
2025-08-12 22:15:13,30.7,75,1023
2025-08-12 22:15:23,30.4,75,1023
2025-08-12 22:15:34,30.5,75,1023
2025-08-12 22:15:44,30.6,75,1023
2025-08-12 22:16:04,30.5,75,1023
2025-08-12 22:16:25,30.5,75,1023
2025-08-12 22:16:56,30.9,75,1023
2025-08-12 22:17:16,30.9,75,1023
2025-08-12 22:17:37,30.3,75,1023
2025-08-12 22:17:47,30.7,75,1023
2025-08-12 22:17:57,30.7,75,1023
2025-08-12 22:18:08,30.1,75,1023
2025-08-12 22:18:28,30.1,75,1023
2025-08-12 22:18:49,30.1,75,1023
2025-08-12 22:18:59,30.8,75,1023
2025-08-12 22:19:09,30.3,75,1023
2025-08-12 22:19:30,30.9,75,1023
2025-08-12 22:20:58,30.7,75,7
2025-08-12 22:21:08,30.1,75,330
2025-08-12 22:21:39,30.1,75,324
2025-08-12 22:22:41,30.8,76,323
2025-08-12 22:23:01,30.7,76,334
2025-08-12 22:24:03,29.8,77,322
2025-08-12 22:24:13,29.5,77,320
2025-08-12 22:24:34,29.1,77,320
2025-08-12 22:24:44,29.9,77,320
2025-08-12 22:24:54,29.1,77,319
2025-08-12 22:25:15,29.3,77,318
2025-08-12 22:25:25,29.6,78,318
2025-08-12 22:25:35,29.8,78,317
2025-08-12 22:25:46,29.2,78,317
2025-08-12 22:25:56,29.5,78,315
2025-08-12 22:26:16,29.7,78,316
2025-08-12 22:26:57,29.1,78,315
2025-08-12 22:27:08,29.6,78,315
2025-08-12 22:27:18,29.0,78,314
2025-08-12 22:27:49,29.4,78,314
2025-08-12 22:27:59,29.4,78,314
2025-08-12 22:28:09,29.8,78,314
2025-08-12 22:28:20,29.8,78,313
2025-08-12 22:28:30,29.0,78,312
2025-08-12 22:28:40,29.7,78,313
2025-08-12 22:28:50,29.9,78,311
2025-08-12 22:29:01,29.2,78,311
2025-08-12 22:29:21,29.6,78,314
2025-08-12 22:29:31,29.9,78,310
2025-08-12 22:30:54,29.8,78,313
2025-08-12 22:31:35,29.4,78,311
2025-08-12 22:31:45,29.7,78,309
2025-08-12 22:31:55,29.4,78,313
2025-08-12 22:33:38,29.3,78,311
2025-08-12 22:33:48,29.8,78,310
2025-08-12 22:33:58,29.9,78,308
2025-08-12 22:34:09,29.5,78,310
2025-08-12 22:34:29,29.8,78,308
2025-08-12 22:35:00,29.7,78,309
2025-08-12 22:35:10,29.7,78,308
2025-08-12 22:35:21,29.1,78,307
2025-08-12 22:36:02,29.2,78,308
2025-08-12 22:36:53,29.8,78,308
2025-08-12 22:37:03,29.8,78,307
2025-08-12 22:37:14,29.5,78,307
2025-08-12 22:37:24,29.7,78,306
2025-08-12 22:37:34,29.1,78,306
2025-08-12 22:37:44,29.7,78,306
2025-08-12 22:38:05,29.4,78,314
2025-08-12 22:38:36,29.0,78,310
2025-08-12 22:38:46,29.2,78,305
2025-08-12 22:38:56,29.7,78,308
2025-08-12 22:39:07,29.2,78,305
2025-08-12 22:39:17,29.4,78,304
2025-08-12 22:39:48,29.1,78,308
2025-08-12 22:39:58,29.3,78,308
2025-08-12 22:40:19,29.1,78,303
2025-08-12 22:41:10,29.3,78,303
2025-08-12 22:41:41,29.4,78,303
2025-08-12 22:42:01,29.5,78,302
2025-08-12 22:42:11,29.1,77,304
2025-08-12 22:42:53,29.1,78,303
2025-08-12 22:43:03,29.0,78,303
2025-08-12 22:43:13,29.3,78,303
2025-08-12 22:50:33,29.7,78,1023
2025-08-12 22:50:44,29.2,78,1023
2025-08-12 22:50:54,29.5,78,1022
2025-08-12 22:51:14,29.9,78,1023
2025-08-12 22:51:35,29.6,78,1023
2025-08-12 22:52:06,29.6,78,1023
2025-08-12 22:52:16,29.6,78,1023
2025-08-12 22:52:26,30.3,77,1023
2025-08-12 22:52:57,30.1,77,1023
2025-08-12 22:53:07,30.4,77,1023
2025-08-12 22:53:28,30.3,77,1023
2025-08-12 22:53:49,30.7,77,1023
2025-08-12 22:54:09,30.4,77,1023
2025-08-12 22:54:50,30.4,77,1023
2025-08-12 22:55:00,30.7,77,1023
