District,STATE,floamy,sandy,clayskeletal,clayey
Adilabad,Telangana,0.130304969,0,0.017253416,0.741428571
Agar Malwa,Madhya Pradesh,0.119953153,0,0.029261261,0.790843243
Agra,Uttar Pradesh,0.852639264,0,0,0.04344908
Ahamadnagar,Maharashtra,0.341902937,0,0,0.605342144
Ahmadabad,Gujarat,0.380904152,0,5.09E-05,0.470228028
Ajmer,Rajasthan,0.78155277,0.052068222,0,0.025049563
Akola,Maharashtra,0.183605882,0,0,0.769758824
Alappuzha,Kerala,0,0.047122414,0.172384483,0.320536207
Alirajpur,Madhya Pradesh,0.536930769,0,0,0.428191538
Allgarh,Uttar Pradesh,0.791658784,0.01865473,0,0.092171622
Allpur Duar,West Bengal,0.839364602,0,0,0
Almora,Uttarakhand,0.743582258,0.059940323,0,0
Alwar,Rajasthan,0.640088657,0.127116716,0,0.003812836
Alzawl,Mizoram,0.818654032,0,0,0.156160484
Amaravati,Maharashtra,0.342593568,0,0,0.622337967
Ambala,Haryana,0.84675,0,0,0
Ambedkarnagar,Uttar Pradesh,0.677435165,0,0,0.121292308
Amethi,Uttar Pradesh,0.495721429,0,0,0.440607143
Amreli,Gujarat,0.131735495,0.037698976,0.003754608,0.716121843
Amritsar,Punjab,0.736606604,0,0,0.037387736
Amroha,Uttar Pradesh,0.680290816,0.209841837,0,0.005887755
Anand,Gujarat,0.67024127,0.000398413,0,0.119405556
Anantapur,Andhra Pradesh,0.026748582,0,0.353633247,0.340961727
Anantnag,Jammu And Kashmlr,0.418956481,0,0,0
Anjaw,Arunachal Pradesh,0.09387395,0.003656303,0,0.098791597
Anugul,Odisha,0.698069922,0,0,0.200259375
Anuppur,Madhya Pradesh,0.736055333,0,0,0.225465333
Araria,Bihar,0.676315315,0.141576577,0,0
Aravalli,Gujarat,0.547378295,0.007029457,0,0.335896124
Ariyalr,Tamil Nadu,0.193872727,0,0,0.703220779
Arwal,Bihar,0.0371,0,0,0.629004348
Ashoknagar,Madhya Pradesh,0.045993122,0,0,0.846020106
Auraiya,Uttar Pradesh,0.918598765,0,0,0.007512346
Aurangabad,Bihar,0.123832061,0,0,0.684648855
Aurangabad,Bihar,0.123832061,0,0,0.684648855
Aurangabad,Bihar,0.123832061,0,0,0.684648855
Aurangabad,Bihar,0.123832061,0,0,0.684648855
Aurangabad,Bihar,0.376249502,0,0,0.684648855
Aurangabad,Bihar,0.376249502,0,0,0.684648855
Aurangabad,Bihar,0.376249502,0,0,0.684648855
Aurangabad,Bihar,0.376249502,0,0,0.684648855
Aurangabad,Maharashtra,0.123832061,0,0,0.568999254
Aurangabad,Maharashtra,0.123832061,0,0,0.568999254
Aurangabad,Maharashtra,0.123832061,0,0,0.568999254
Aurangabad,Maharashtra,0.123832061,0,0,0.568999254
Aurangabad,Maharashtra,0.376249502,0,0,0.568999254
Aurangabad,Maharashtra,0.376249502,0,0,0.568999254
Aurangabad,Maharashtra,0.376249502,0,0,0.568999254
Aurangabad,Maharashtra,0.376249502,0,0,0.568999254
Ayodhya,Uttar Pradesh,0.687833028,0,0,0.130133945
Azamgarh,Uttar Pradesh,0.834634503,0,0,0.007801754
Badgam,Jammu And Kashmlr,0.507438,0,0,0
Bagalkot,Karnataka,0.291131835,0,0.072329213,0.391628839
Bageshwar,Uttarakhand,0.427190909,0.109310227,0,0
Baghpat,Uttar Pradesh,0.744371154,0.125325,0,0
Bahraich,Uttar Pradesh,0.542067526,0.096919588,0,0.152045876
Baksa,Assam,0.877378125,0,0,0.008995833
Balaghat,Madhya Pradesh,0.583384153,0,0,0.380271311
Balasore Baleshwar,Odisha,0.663937584,0,0,0.170433557
Ballari,Karnataka,0.219635629,0,0.242447605,0.33435988
Ballia,Uttar Pradesh,0.77639913,3.83E-05,0,0
Balod,Chhattlsgarh,0.441340146,0,0.021105109,0.422607299
Baloda Bazar,Chhattlsgarh,0.261185405,0,0,0.643308108
Balrampur,Chhattlsgarh,0.627360643,0.015231727,0,0.174487952
Balrampur,Chhattlsgarh,0.627360643,0.015231727,0,0.174487952
Balrampur,Chhattlsgarh,0.627360643,0.051294656,0,0.174487952
Balrampur,Chhattlsgarh,0.627360643,0.051294656,0,0.174487952
Balrampur,Chhattlsgarh,0.751149618,0.015231727,0,0.174487952
Balrampur,Chhattlsgarh,0.751149618,0.015231727,0,0.174487952
Balrampur,Chhattlsgarh,0.751149618,0.051294656,0,0.174487952
Balrampur,Chhattlsgarh,0.751149618,0.051294656,0,0.174487952
Balrampur,Uttar Pradesh,0.627360643,0.015231727,0,0.015751908
Balrampur,Uttar Pradesh,0.627360643,0.015231727,0,0.015751908
Balrampur,Uttar Pradesh,0.627360643,0.051294656,0,0.015751908
Balrampur,Uttar Pradesh,0.627360643,0.051294656,0,0.015751908
Balrampur,Uttar Pradesh,0.751149618,0.015231727,0,0.015751908
Balrampur,Uttar Pradesh,0.751149618,0.015231727,0,0.015751908
Balrampur,Uttar Pradesh,0.751149618,0.051294656,0,0.015751908
Balrampur,Uttar Pradesh,0.751149618,0.051294656,0,0.015751908
Banas Kantha,Gujarat,0.664424356,0.133823185,0,0.075661358
Banda,Uttar Pradesh,0.409086932,0.075075,0,0.430859091
Bandipura,Jammu And Kashmlr,0.13182327,0.001846541,0,0
Banka,Bihar,0.559016667,0,0,0.314460833
Bankura,West Bengal,0.618629242,0,0,0.200594585
Banswara,Rajasthan,0.292585165,0.006347802,0,0.560195604
Barabanki,Uttar Pradesh,0.807140789,0.000740132,0,0.074928289
Baragarh,Odisha,0.361519214,0,0,0.537046288
Baramla,Jammu And Kashmlr,0.387661628,0,0,0
Baran,Rajasthan,0.072879783,0.007979061,0,0.679844404
Bareilly,Uttar Pradesh,0.886229268,0.000204268,0,0.056037195
Barmer,Rajasthan,0.292519912,0.645997895,0,0.007955
Barnala,Punjab,0.891187931,0.029910345,0,0
Barpeta,Assam,0.518920225,0,0,0.052769663
Barwani,Madhya Pradesh,0.305103182,0,0,0.393844545
Bastar,Chhattlsgarh,0.704769725,0,0,0.224693119
Basti,Uttar Pradesh,0.823860177,0,0,0.027171681
Bathinda,Punjab,0.657580597,0.179064179,0,0.062414925
Baudh Bauda,Odisha,0.733084553,0,0,0.182439837
Begusarai,Bihar,0.707402532,0.010075949,0,0.059398734
Belagavi,Karnataka,0.366783178,0,0.102400374,0.386759252
Bemetara,Chhattlsgarh,0.098070455,0,0,0.822769318
Bengalru Rural,Karnataka,0,0,0.287929897,0.602757732
Bengalru Urban,Karnataka,0,0,0.154667442,0.406109302
Betul,Madhya Pradesh,0.559101716,0,0,0.390378676
Bhadohi,Uttar Pradesh,0.7359325,0.0293525,0,0.1069375
Bhadradri Kothagudem,Telangana,0.386630769,0,0.087647253,0.280275092
Bhadrak,Odisha,0.515765306,0,0.023761224,0.188722449
Bhagalpur,Bihar,0.582345455,0.008782828,0,0.085627273
Bhandara,Maharashtra,0.419691566,0,0,0.509378916
Bharatpur,Rajasthan,0.821654187,0.092284236,0,0
Bharch,Gujarat,0.201341919,0,0,0.527633333
Bhavnagar,Gujarat,0.083515356,0,0.006223596,0.708138951
Bhind,Madhya Pradesh,0.251704469,0,0,0.677430168
Bhiwani,Haryana,0.522635606,0.441033333,0,0
Bhllwara,Rajasthan,0.811118779,0.003590141,0,0.03300939
Bhojpur,Bihar,0.567305319,0,0,0.27057766
Bhopal,Madhya Pradesh,0.026932727,0.018549091,0.146847273,0.666267273
Bijnor,Uttar Pradesh,0.710578919,0.151992973,0,0.010182703
Bilaspur,Chhattlsgarh,0.389769718,0,0,0.38671338
Bilaspur,Chhattlsgarh,0.389769718,0,0,0.38671338
Bilaspur,Chhattlsgarh,0.389769718,0.051785714,0,0.38671338
Bilaspur,Chhattlsgarh,0.389769718,0.051785714,0,0.38671338
Bilaspur,Chhattlsgarh,0.239593878,0,0,0.38671338
Bilaspur,Chhattlsgarh,0.239593878,0,0,0.38671338
Bilaspur,Chhattlsgarh,0.239593878,0.051785714,0,0.38671338
Bilaspur,Chhattlsgarh,0.239593878,0.051785714,0,0.38671338
Bilaspur,Himachal Pradesh,0.389769718,0,0,0
Bilaspur,Himachal Pradesh,0.389769718,0,0,0
Bilaspur,Himachal Pradesh,0.389769718,0.051785714,0,0
Bilaspur,Himachal Pradesh,0.389769718,0.051785714,0,0
Bilaspur,Himachal Pradesh,0.239593878,0,0,0
Bilaspur,Himachal Pradesh,0.239593878,0,0,0
Bilaspur,Himachal Pradesh,0.239593878,0.051785714,0,0
Bilaspur,Himachal Pradesh,0.239593878,0.051785714,0,0
Bishnupur,Manipur,0.01976,0,0.175105,0.1743
Biswanath,Assam,0.565158621,0.031196552,0,3.33E-05
Bld,Maharashtra,0.32875,0,0,0.601964419
Bldar,Karnataka,0.274359633,0,0.154813761,0.472526606
Bljapur,Chhattlsgarh,0.628746594,0,0.0004297,0.28663406
Blkaner,Rajasthan,0.537247521,0.44095686,0,0
Blrbhm,West Bengal,0.171289944,0,0,0.682258659
Bndi,Rajasthan,0.608343668,0,0,0.223216157
Bokaro,Jharkhand,0.350446218,0,0,0.366627731
Bolangir Balangir,Odisha,0.493748289,0,0,0.437819011
Bongaigaon,Assam,0.687639535,0,0,0.065269767
Botad,Gujarat,0.130427723,0,0.025549505,0.65920396
Budaun,Uttar Pradesh,0.878091124,0.04222426,0,0.006105325
Bulandshahr,Uttar Pradesh,0.866479577,0.026989437,0,0.003038028
Buldhana,Maharashtra,0.363730233,0,0,0.576018088
Burhanpur,Madhya Pradesh,0.172571875,0,0,0.419439844
Buxar,Bihar,0.460097183,0.081398592,0,0.278883099
Cachar,Assam,0.538425325,0,0,0.323907143
Central,Delhi,0.3528,0,0,0
Chamarajanagar,Karnataka,0.124754148,0,0.205560262,0.498991703
Chamba,Himachal Pradesh,0.518375385,0.074756538,0,0
Chamoli,Uttarakhand,0.474546774,0.074344516,0,0
Champawat,Uttarakhand,0.79073662,0,0,0
Champhai,Mizoram,0.530980292,0,0.037281752,0.202134307
Chandauli,Uttar Pradesh,0.57615,0.09204902,0,0.177321569
Chandel,Manipur,0.322780769,0,0.063252564,0.420260256
Chandigarh,Chandlgarh,0.16956,0.05104,0,0
Chandrapur,Maharashtra,0.259201978,0,0.014846154,0.584678901
Changlang,Arunachal Pradesh,0.369535533,0,0.003014721,0.205022843
Charaideo,Assam,0.869523077,0,0.032048718,0.076469231
Charkhi Dadri,Haryana,0.342835185,0.609935185,0,0.013624074
Chatra,Jharkhand,0.621948718,0,0,0.285298077
Chengalpattu,Tamil Nadu,0.000150442,0.007351327,0.276084956,0.333124779
Chennai,Tamil Nadu,0,0.016815385,0.024838462,0.138176923
Chhatarpur,Madhya Pradesh,0.582830172,0,0,0.349162931
Chhindwara,Madhya Pradesh,0.514873019,0,0,0.407268522
Chhota Udepur,Gujarat,0.072238849,0,0,0.84317554
Chik Ballapur,Karnataka,0.050311696,0,0.432995906,0.333890643
Chikkamagalru,Karnataka,0.043364808,0,0.402438676,0.424785017
Chirang,Assam,0.814914103,0,0,0.093525641
Chitradurga,Karnataka,0.000260947,0,0.313798521,0.517735503
Chitrakoot,Uttar Pradesh,0.710900781,0.073103125,0,0.139213281
Chittaurgarh,Rajasthan,0.562807595,0,0,0.080625316
Chittoor,Andhra Pradesh,0.04565149,0,0.136129967,0.400052483
Chru,Rajasthan,0.154221147,0.827203405,0,0
Churachandpur,Manipur,0.091808,0,0.60412,0.093882
Coimbatore,Tamil Nadu,0.28430582,0,0.009410053,0.408635979
Cuddalore,Tamil Nadu,0.279810884,0.009966667,0.006303401,0.532010204
Cuttack,Odisha,0.343810191,0,0,0.353796815
Dadra  Nagar Haveli,Dadra  Nagar Haveli  Daman  Diu,0.537368421,0,0.165157895,0.182063158
Dahod,Gujarat,0.312985211,0.001916197,0,0.636778873
Dakshin Bastar Dantewada,Chhattlsgarh,0.697155357,0,0,0.188338393
Dakshin Dinajpur,West Bengal,0.763931765,0,0,0.005752941
Dakshina  Kannada,Karnataka,0,0.007333158,0.841858947,0.096591579
Daman,Dadra  Nagar Haveli  Daman  Diu,0,0,0,0
Damoh,Madhya Pradesh,0.358785911,0.003902749,0,0.57667732
Dangs,Gujarat,0.956271831,0,0,0.028966197
Darbhanga,Bihar,0.826465347,0,0,0.056437624
Darjiling,West Bengal,0.6599875,0,0,0.0192625
Darrang,Assam,0.727640984,0,0,0
Datia,Madhya Pradesh,0.171976364,0,0,0.695766364
Dausa,Rajasthan,0.612876978,0.099897842,0,0.107292086
Davangere,Karnataka,0.030708936,0,0.068827234,0.725185106
Dehradn,Uttarakhand,0.4932232,0.0111344,0,0.0154136
Deogarh,Odisha,0.659805042,0,0,0.237268067
Deoghar,Jharkhand,0.64978866,0,0,0.115693814
Deoria,Uttar Pradesh,0.600617,0,0,0.280684
Devbhumi Dwarka,Gujarat,0.099295808,0.001173653,0,0.398181437
Dewas,Madhya Pradesh,0.079252174,0,0.179762681,0.707769565
Dhalai,Tripura,0.505667742,0,0,0.301205376
Dhamtari,Chhattlsgarh,0.563555488,0,0,0.278894512
Dhanbad,Jharkhand,0.720790244,0,0,0.054363415
Dhar,Madhya Pradesh,0.124755828,0,0.120476687,0.698891411
Dharmapuri,Tamil Nadu,0.023616949,0,0.211055932,0.308720339
Dharwad,Karnataka,0,0,0.226148555,0.705692486
Dhaulpur,Rajasthan,0.831669106,0,0,0.033242276
Dhemaji,Assam,0.639309091,0.011950505,0,0
Dhenkanal,Odisha,0.279494944,0,0,0.599205056
Dhubri,Assam,0.430984848,0.056318182,0,0.080604545
Dhule,Maharashtra,0.320836396,0,0,0.613386219
Dibang Valley,Arunachal Pradesh,0.040602597,0,0,0.066708052
Dibrugarh,Assam,0.716982443,0,0.009833588,0.011483206
Dima Hasao,Assam,0.606214583,0,0,0.324323438
Dimapur,Nagaland,0.604393103,0,0,0.256055172
Dindigul,Tamil Nadu,0.028422449,0,0.275272653,0.205782857
Dindori,Madhya Pradesh,0.485150213,0,0,0.485537021
Disputed Alirajpur  Dahod,Disputed Madhya Pradesh  Gujarat,0.000187053,0,0,0.998142584
Disputed Baran  Sheopur,Disputed Madhya Pradesh  Rajasthan,0,0,0,0.959691723
Disputed Mandsaur  Jhalawar,Disputed Madhya Pradesh  Rajasthan,0.521001694,0,0.063512823,0.383620346
Disputed Nimach  Chittaurgarh,Disputed Madhya Pradesh  Rajasthan,0.15109871,0,0,0.835718496
Disputed Ratlam  Banswara,Disputed Madhya Pradesh  Rajasthan,0,0,0,0.9596
Disputed Ratlam  Mandsaur,Madhya Pradesh,0,0,0,0.186300979
Disputed Sabar Kantha  Sirohi,Disputed Rajathan  Gujarat,0.662500977,0,0,0
Disputed Sabar Kantha  Udaipur,Disputed Rajathan  Gujarat,0.482343021,0,0,0.028604779
Disputed Sahibganj Maldah  Katihar,Disputed West Bengal  Bihar  Jharkhand,0.453315076,0,0,2.44E-05
Diu,Dadra  Nagar Haveli  Daman  Diu,0.131749185,0.057571303,0,0.050059979
Dngarpur,Rajasthan,0.549542667,0,0,0.066255333
Doda,Jammu And Kashmlr,0.922806383,0,0,0
Dumka,Jharkhand,0.661361438,0,0,0.247924183
Durg,Chhattlsgarh,0.211443956,0,0,0.654856044
East,Delhi,0.122954513,0,0,0
East,Delhi,0.122954513,0,0,0
East,Delhi,0.122954513,0,0,0
East,Delhi,0.122954513,0,0,0
East,Delhi,0.765844444,0,0,0
East,Delhi,0.765844444,0,0,0
East,Delhi,0.765844444,0,0,0
East,Delhi,0.765844444,0,0,0
East,Sikkim,0.122954513,0,0,0
East,Sikkim,0.122954513,0,0,0
East,Sikkim,0.122954513,0,0,0
East,Sikkim,0.122954513,0,0,0
East,Sikkim,0.765844444,0,0,0
East,Sikkim,0.765844444,0,0,0
East,Sikkim,0.765844444,0,0,0
East,Sikkim,0.765844444,0,0,0
East Garo Hills,Meghalaya,0.476080952,0,0,0.508112698
East Godavari,Andhra Pradesh,0.094276265,0.003967704,0.142009922,0.499074319
East Jaintia Hills,Meghalaya,0.093082927,0,0,0.496179268
East Kameng,Arunachal Pradesh,0.433333898,0.014136158,0,0.204567232
East Khasi Hills,Meghalaya,0.342990179,0,0,0.405148214
East Nimar,Madhya Pradesh,0.180046128,0,0,0.648204714
East Siang,Arunachal Pradesh,0.671938235,0,0,0.068379412
East Singhbhum,Jharkhand,0.596546429,0,0,0.196910714
Ernakulam,Kerala,0.122478151,0.00559916,0.282980672,0.441531933
Erode,Tamil Nadu,0.212450746,0,0.089563184,0.199581592
Etah,Uttar Pradesh,0.561087,0.006003,0,0.230521
Etawah,Uttar Pradesh,0.834384946,0,0,0.022216129
Farldabad,Haryana,0.598363333,0.119613333,0,0
Farldkot,Punjab,0.876605172,0,0,0.04005
Farrukhabad,Uttar Pradesh,0.638513187,0.191642857,0,0.08708022
Fatehabad,Haryana,0.930668687,0.021834343,0,0
Fatehgarh Sahib,Punjab,0.676341304,0.042656522,0,0.180847826
Fatehpur,Uttar Pradesh,0.699835714,0.169234524,0,0.006942857
Fazilka,Punjab,0.602905932,0.275897458,0,0
Firozabad,Uttar Pradesh,0.827047368,0,0,0.058244211
Flrozpur,Punjab,0.53363956,0.255379121,0,0
Gadag,Karnataka,0.094897814,0,0.076330601,0.549313115
Gadchiroli,Maharashtra,0.698633333,0,9.12E-05,0.239764605
Gajapati,Odisha,0.440941916,0,0,0.541117365
Ganderbal,Jammu And Kashmlr,0.33758,0.049093846,0,0
Gandhlnagar,Gujarat,0.888046429,0,0,0
Ganganagar,Rajasthan,0.914495672,0.04037221,0,0
Ganjam,Odisha,0.493716867,0.004425904,0,0.433249398
Garhwa,Jharkhand,0.249222086,0,0,0.398914724
Gariyaband,Chhattlsgarh,0.654526804,0,0.004622165,0.30317732
Gaurelapendramarwahi,Chhattlsgarh,0.666136585,0,0,0.259481707
Gautambudhnagar,Uttar Pradesh,0.652653571,0,0,0
Gaya,Bihar,0.221276382,0,0,0.650313065
Gazipur,Uttar Pradesh,0.696302222,0.09968963,0,0.015051852
Ghaziabad,Uttar Pradesh,0.705513889,0,0,0
Giridih,Jharkhand,0.4528755,0,0,0.36593
Glr Somnath,Gujarat,0.171787736,0.014935849,0.013379245,0.437616981
Goalpara,Assam,0.227689024,0,0,0.555063415
Godda,Jharkhand,0.535861702,0,0,0.394701064
Golaghat,Assam,0.455181955,0.094303759,0,0.192943609
Gomati,Tripura,0.337266154,0,0.012093846,0.35762
Gonda,Uttar Pradesh,0.788864151,0,0,0.147677987
Gondia,Maharashtra,0.352497129,0,0,0.577082775
Gopalganj,Bihar,0.745727711,0,0,0.074731325
Gorakhpur,Uttar Pradesh,0.72962446,0,0,0.079423741
Gumla,Jharkhand,0.443792056,0.01498271,0,0.29811729
Guna,Madhya Pradesh,0.156258431,0,0,0.597077647
Guntur,Andhra Pradesh,0.063011233,0.010243612,0.064962555,0.523238767
Gurdaspur,Punjab,0.828850476,0.036234286,0,0
Gurugram,Haryana,0.58114902,0.198576471,0,0.001819608
Gwalior,Madhya Pradesh,0.215065405,0,0,0.62298
Hailakandi,Assam,0.833686275,0,0,0.102066667
Hamirpur,Uttar Pradesh,0.380638994,0,0,0.558767925
Hamlrpur,Himachal Pradesh,0.281495455,0.148768182,0,0
Hanumangarh,Rajasthan,0.673933421,0.291026316,0,0
Haora,West Bengal,0.116039655,0.302217241,0,0.283493103
Hapur,Uttar Pradesh,0.784965217,0.055343478,0,0.008773913
Harda,Madhya Pradesh,0.139749254,0,0,0.788787313
Hardoi,Uttar Pradesh,0.863492437,0.02557605,0,0
Haridwar,Uttarakhand,0.734348889,0.118253333,0,0
Hassan,Karnataka,0.028356985,0,0.575589338,0.326683824
Hathras,Uttar Pradesh,0.748009859,0,0,0.183253521
Haveri,Karnataka,0.009797938,0,0.35943299,0.487759278
Hazaribagh,Jharkhand,0.36344269,0,0,0.509007018
Hingoli,Maharashtra,0.224594149,0,0,0.729480851
Hisar,Haryana,0.842786585,0.107325,0,0
Hojai,Assam,0.526105263,0,0.088773684,0.319396491
Hoshangabad,Madhya Pradesh,0.156259701,0,0,0.64078097
Hoshiarpur,Punjab,0.581447368,0.211682707,0,0.058327068
Hugli,West Bengal,0.136228682,0.026106202,0,0.615086822
Hyderabad,Telangana,0,0,0.0052375,0.036975
Idukki,Kerala,0.064545763,0,0.00909322,0.88479096
Imphal East,Manipur,0.0143125,0,0,0.88205
Imphal West,Manipur,0.397017647,0,0.085735294,0.201664706
Indore,Madhya Pradesh,0,0,0.032760256,0.89013141
Jabalpur,Madhya Pradesh,0.244454902,0,0,0.665551471
Jagatsinghpur,Odisha,0.041924638,0.02925942,0.034010145,0.560568116
Jagtial,Telangana,0.311055172,0,0.240380172,0.243891379
Jahanabad,Bihar,0.209727027,0,0,0.729327027
Jaipur,Rajasthan,0.613364706,0.231625792,0,0
Jaisalmer,Rajasthan,0.166896347,0.796684018,0,0
Jajapur,Odisha,0.355671304,0,0.015514783,0.337585217
Jalandhar,Punjab,0.808402885,0.071894231,0,0
Jalaun,Uttar Pradesh,0.167083978,0,0,0.735132044
Jalgaon,Maharashtra,0.297471125,0,0,0.603606794
Jalna,Maharashtra,0.445676527,0,0,0.539261736
Jalor,Rajasthan,0.332370258,0.556340515,0,0.005971663
Jalpaiguri,West Bengal,0.706063043,0,0,0
Jami,Bihar,0.306215748,0,0,0.490948819
Jammu,Jammu And Kashmlr,0.437286667,0.12086,0,0
Jamnagar,Gujarat,0.075718333,0,0,0.673394167
Jamtara,Jharkhand,0.901681579,0,0,0.008421053
Jangaon,Telangana,0.284766,0,0.006107,0.332328
Janjglr  Champa,Chhattlsgarh,0.26101413,0,0.010867935,0.584857065
Jashpur,Chhattlsgarh,0.830336864,0.000536441,0.002764407,0.073724153
Jaunpur,Uttar Pradesh,0.898611392,0,0,0.044870253
Jayashankar Bhupalapally,Telangana,0.306902564,0,0.056448718,0.486482906
Jhabua,Madhya Pradesh,0.118017266,0.013410072,0.376328058,0.458082734
Jhajjar,Haryana,0.848578205,0.072082051,0,0
Jhalawar,Rajasthan,0.114729297,0,0.023135547,0.643832422
Jhansi,Uttar Pradesh,0.203156585,0,0,0.655599024
Jhargram,West Bengal,0.726101653,0,0,0.080986777
Jharsuguda,Odisha,0.261604651,0,0,0.472604651
Jhunjhunn,Rajasthan,0.0597125,0.86363125,0,0
Jiribam,Manipur,0.980433333,0,0,0
Jlnd,Haryana,0.953865455,0,0,0.000297273
Jnagadh,Gujarat,0.228426016,0.020092276,0,0.56265935
Jodhpur,Rajasthan,0.445486013,0.473936454,0,0.02495011
Jogulamba Gadwal,Telangana,0.054133654,0,0.0979875,0.540458654
Jorhat,Assam,0.885879452,0,0,0.024934247
Kablrdham,Chhattlsgarh,0.498316667,0,0,0.467927976
Kachchh,Gujarat,0.363314849,0.029990327,0,0.048123352
Kaimur,Bihar,0.370117986,0.000805755,0,0.479363309
Kaithal,Haryana,0.898651613,0,0,0.04426129
Kakching,Manipur,0.066192857,0,0,0.632371429
Kalaburagi,Karnataka,0.259314645,0,0.048134554,0.598429519
Kalahandi,Odisha,0.347028981,0,0,0.612199045
Kalimpong,West Bengal,0.661740909,0,0,0
Kallakkurichi,Tamil Nadu,0.226921986,0,0.327665957,0.249029078
Kamareddy,Telangana,0.249081457,0,0.061671523,0.502819868
Kamjong,Manipur,0.625179787,0,0,0.335210638
Kamle,Arunachal Pradesh,0.072210909,0.12074,0,0.448207273
Kamrup Metro,Assam,0.415070732,0,0,0.338302439
Kamrup Rural,Assam,0.520240157,0,0,0.292694488
Kanchipuram,Tamil Nadu,0.075376471,0.004839706,0.204697059,0.372786765
Kandhamal,Odisha,0.673888785,0,0,0.317766667
Kangpokpi,Manipur,0.225872222,0,0.343565278,0.386548611
Kangra,Himachal Pradesh,0.541806114,0.094307424,0,0
Kannauj,Uttar Pradesh,0.792059036,0.062737349,0,0.048603614
Kannr,Kerala,0.073355556,0,0.27734359,0.589033333
Kanpur,Uttar Pradesh,0.773174138,0.023262931,0,0.040971552
Kanpur Dehat,Uttar Pradesh,0.899558065,0,0,0.044680645
Kanyakumari,Tamil Nadu,0,0,0.191584375,0.65809375
Kaprthala,Punjab,0.635520588,0.131633824,0,0.032066176
Karaikal,Puducherry,0.000257143,0.116642857,0,0.793128571
Karauli,Rajasthan,0.584446907,0.047317526,0,0.171603093
Karbi Anglong,Assam,0.431554795,0.005721918,0,0.534836644
Kargil,Ladakh,0.156499648,0.003898768,0,0
Karimganj,Assam,0.680081579,0,0,0.023732895
Karimnagar,Telangana,0.078234615,0,0.37399359,0.317083333
Karnal,Haryana,0.913336458,0.003245833,0,0
Karr,Tamil Nadu,0.106513913,0,0.290685217,0.21217913
Kasaragod,Kerala,0.13013,0,0.17094375,0.66082625
Kasganj,Uttar Pradesh,0.357055405,0.36962027,0,0.260328378
Kathua,Jammu And Kashmlr,0.700305941,0,0,0
Katihar,Bihar,0.822143902,0.013739837,0,0
Katni,Madhya Pradesh,0.472439394,0,0,0.427239394
Kaushambi,Uttar Pradesh,0.727063889,0.106504167,0,0.008336111
Kendraparha,Odisha,0.256662136,0.005466019,0.066852427,0.442153398
Keonjhar Kendujhar,Odisha,0.547760778,0,0,0.385853593
Khagaria,Bihar,0.768441071,0.0723,0,0
Khammam,Telangana,0.022259474,0,0.400390526,0.336703684
Kheda,Gujarat,0.92904964,0.005508633,0,0.006118705
Kheri,Uttar Pradesh,0.719602922,0.073444805,0,0
Khordha,Odisha,0.514843103,0,0,0.259615517
Khowai,Tripura,0.608542857,0,0,0.236130952
Khunti,Jharkhand,0.223685149,0,0,0.666124752
Kinnaur,Himachal Pradesh,0.101031395,0.050734884,0,0
Kiphire,Nagaland,0.108497826,0,0.316284783,0.496119565
Kishanganj,Bihar,0.638314286,0.031680519,0,0.063544156
Kishtwar,Jammu And Kashmlr,0.503201524,0.010115549,0,0
Koch Bihar,West Bengal,0.577607576,0,0,0.066368182
Kodagu,Karnataka,0.027452727,0,0.36148303,0.601609697
Kodarma,Jharkhand,0.451598462,0,0,0.052506154
Kohima,Nagaland,0.525571154,0,0,0.287667308
Kokrajhar,Assam,0.7946936,0.0746664,0,0.0176512
Kolar,Karnataka,0.006551299,0,0.50569026,0.24153961
Kolasib,Mizoram,0.467413333,0,0,0.513481667
Kolhapur,Maharashtra,0.734113158,0,0,0.200337171
Kolkata,West Bengal,0.048216667,0,0,0
Kollam,Kerala,0.15515102,0,0.421111224,0.322333673
Kondagaon,Chhattlsgarh,0.934413659,0,0,0.026957561
Koppal,Karnataka,0.08289417,0,0.30376278,0.460261435
Koraput,Odisha,0.707903916,0,0.00149759,0.222260843
Korba,Chhattlsgarh,0.692085496,0,0,0.149687023
Korea,Chhattlsgarh,0.527306489,0.03479084,0,0.061331679
Kota,Rajasthan,0.067390547,0,0,0.639676119
Kottayam,Kerala,0.073186364,0.017390909,0.199001136,0.631969318
Kozhikode,Kerala,0.004685714,0,0.454592308,0.471116484
Kra Daadi,Arunachal Pradesh,0.100602857,0,0,0.787744286
Krishna,Andhra Pradesh,0.042438936,0.000703922,0.125251261,0.552814566
Krishnagiri,Tamil Nadu,0,0,0.117676585,0.336980488
Kulgam,Jammu And Kashmlr,0.403403846,0,0,0
Kullu,Himachal Pradesh,0.302140639,0.174314155,0,0
Kumuram Bheem,Telangana,0.182724022,0,0.082629609,0.548468715
Kupwara,Jammu And Kashmlr,0.40453964,0,0,0
Kurnool,Andhra Pradesh,0.022335673,0,0.067616476,0.573980229
Kurukshetra,Haryana,0.918954688,0,0,0.001023438
Kurung Kumey,Arunachal Pradesh,0.107082857,0.009265143,0,0.479027429
Kushinagar,Uttar Pradesh,0.537277778,0,0,0.310604274
Lahul  Spiti,Himachal Pradesh,0.113140214,0.023011032,0,0
Lakhimpur,Assam,0.690676033,0.029890909,0,0
Lakhlsarai,Bihar,0.568551064,0.030253191,0,0.248682979
Lakshadweep,Lakshadweep,0,0,0,0
Lalitpur,Uttar Pradesh,0.315233495,0,0,0.272362621
Latehar,Jharkhand,0.458546108,0.018139521,0,0.305835329
Latr,Maharashtra,0.594107018,0,0.008192281,0.342561053
Lawngtlai,Mizoram,0.345435714,0,0,0.389726531
Leh,Ladakh,0.028457876,0.100878743,0,0
Lepa Rada,Arunachal Pradesh,0.413753333,0,0,0.35603
Lohardaga,Jharkhand,0.398098361,0,0,0.22947377
Lohit,Arunachal Pradesh,0.546370968,0.025442742,0,0.132099194
Longding,Arunachal Pradesh,0.169988889,0,0.245705556,0.346763889
Longleng,Nagaland,0.376021739,0,0.010821739,0.28513913
Lower Dibang Valley,Arunachal Pradesh,0.539806338,0.002528873,0,0.098161268
Lower Siang,Arunachal Pradesh,0.422150685,0.030352055,0,0.027568493
Lower Subansiri,Arunachal Pradesh,0.137273418,0.084407595,0,0.607903797
Lucknow,Uttar Pradesh,0.751829,0.015924,0,0.055761
Ludhiana,Punjab,0.660784459,0.12115473,0,0.011490541
Lunglei,Mizoram,0.32311768,0,0,0.562948619
Madhepura,Bihar,0.505733784,0.391814865,0,0
Madhubani,Bihar,0.677224476,0.093406993,0,0.000730769
Madurai,Tamil Nadu,0.061789865,0,0.164638514,0.584392568
Mahabubabad,Telangana,0.206038129,0,0.11898705,0.286629496
Mahabubnagar,Telangana,0.217394545,0,0,0.437205455
Maharajganj,Uttar Pradesh,0.654792308,0,0,0.174217094
Mahasamund,Chhattlsgarh,0.690417989,0,0.024012169,0.217388889
Mahe,Puducherry,0,0,0,0.859143092
Mahendragarh,Haryana,0.323114865,0.418836486,0,0
Mahesana,Gujarat,0.927833333,0.010814444,0,0
Mahisagar,Gujarat,0.682668317,0,0,0.186351485
Mahoba,Uttar Pradesh,0.402018462,0,0,0.550184615
Mainpuri,Uttar Pradesh,0.63699375,0.001529464,0,0.037158036
Majuli,Assam,0.364335294,0.012609804,0,0
Malappuram,Kerala,0.159364336,0.000106294,0.228551049,0.564851748
Maldah,West Bengal,0.689897902,0,0,0.094631469
Malkangiri,Odisha,0.481251724,0,0,0.369771983
Mamit,Mizoram,0.543444715,0,0,0.451047967
Mancherial,Telangana,0.128923377,0,0.068772727,0.633629221
Mandi,Himachal Pradesh,0.686512821,0.021392308,0,0
Mandla,Madhya Pradesh,0.653252013,0,0,0.29942953
Mandsaur,Madhya Pradesh,0.080705381,0,0.041243049,0.632599103
Mandya,Karnataka,0,0,0.449791282,0.378712821
Mansa,Punjab,0.842436471,0.079470588,0,0.00028
Marigaon,Assam,0.505295,0,0,0.230626667
Mathura,Uttar Pradesh,0.856466154,0,0,0
Mau,Uttar Pradesh,0.822149254,0,0,0.002259701
Mayrbhanj,Odisha,0.571808393,0,0,0.380781295
Medak,Telangana,0.070953333,0,0.128095238,0.427825714
Medchalmalkajgiri,Telangana,0.129804444,0,0.111282222,0.077862222
Meerut,Uttar Pradesh,0.847589423,0.011392308,0,0
Mewat,Haryana,0.572126667,0.274003333,0,0.089748333
Mirzapur,Uttar Pradesh,0.516706742,0.145757303,0,0.19920618
Mlrpur,Jammu And Kashmlr,0.604066438,0,0,0
Moga,Punjab,0.864215217,0.036225,0,0
Mokokchung,Nagaland,0.715081538,0,0,0.200410769
Mon,Nagaland,0.231165517,0,0.029329885,0.69446092
Moradabad,Uttar Pradesh,0.626126582,0.214660759,0,0.027225316
Morbi,Gujarat,0.046541414,0,0,0.779600505
Morena,Madhya Pradesh,0.243807692,0,0,0.662280513
Mulugu,Telangana,0.374854706,0,0.142578824,0.289338824
Mumbai City,Maharashtra,0,0,0,0.008698576
Mungeli,Chhattlsgarh,0.451519266,0,0,0.365863303
Munger,Bihar,0.507316071,0.001196429,0,0.2173375
Murshidabad,West Bengal,0.231956808,0,0,0.494325352
Muzaffarabad,Jammu And Kashmlr,0.036203141,0.000102094,0,0
Muzaffarnagar,Uttar Pradesh,0.845497248,0.032470642,0,0
Muzaffarpur,Bihar,0.792446825,0,0,0.046207143
Mysru,Karnataka,0.069324706,0,0.188399608,0.618716078
Nabarangapur,Odisha,0.463705455,0,0,0.477487273
Nadia,West Bengal,0.372236076,0.020532278,0,0.259215823
Nagaon,Assam,0.595385294,0.019870588,0,0.196952941
Nagapattinam,Tamil Nadu,0.067268807,0.045319266,0,0.601255963
Nagarkurnool,Telangana,0.289709921,0,0.165128968,0.253138492
Nagaur,Rajasthan,0.339574085,0.607528873,0,0
Nagpur,Maharashtra,0.267341058,0,0,0.645620151
Nainital,Uttarakhand,0.86211875,0.018035625,0,0
Nalanda,Bihar,0.34241383,0,0,0.56012234
Nalbari,Assam,0.764455,0,0,0
Nalgonda,Telangana,0.200336491,0,0.150707018,0.332156842
Namakkal,Tamil Nadu,0.254344366,0,0.280040141,0.11713662
Namsai,Arunachal Pradesh,0.914594444,0,0,0.012312963
Nanded,Maharashtra,0.177351179,0,0.000787028,0.740720283
Nandurbar,Maharashtra,0.387371489,0,0,0.448888511
Naparha,Odisha,0.727829299,0,0,0.233203185
Narainpur,Chhattlsgarh,0.733953947,0,0,0.22055
Narayanpet,Telangana,0.021202062,0,0.158708247,0.461238144
Narmada,Gujarat,0.029355455,0,0,0.789601818
Narshimapura,Madhya Pradesh,0.184894581,0,0,0.742204433
Nashik,Maharashtra,0.596435749,0,0,0.325734622
Navsari,Gujarat,0.064448315,0,0,0.680946067
Nawada,Bihar,0.302980808,0,0,0.581609091
Nayagarh,Odisha,0.497393671,0,0,0.447012658
New Delhi,Delhi,0.358614286,0,0,0
Nicobar,Andaman  Nicobar,0.0670125,0,0,0
Nimach,Madhya Pradesh,0.343469048,0,0,0.266450595
Nirmal,Telangana,0.153319178,0,0.140289726,0.590113014
Nivari,Madhya Pradesh,0.296428261,0,0,0.364495652
Nizamabad,Telangana,0.200107101,0,0.315345562,0.231312426
Nllgiris,Tamil Nadu,0.025529897,0,0.267263918,0.691075258
Nonei,Manipur,0.050686957,0,0.725021739,0.046904348
North,Delhi,0.562290909,0.032109091,0,0
North,Delhi,0.562290909,0.032109091,0,0
North,Delhi,0.562290909,0,0,0
North,Delhi,0.562290909,0,0,0
North,Delhi,0.181648555,0.032109091,0,0
North,Delhi,0.181648555,0.032109091,0,0
North,Delhi,0.181648555,0,0,0
North,Delhi,0.181648555,0,0,0
North,Sikkim,0.562290909,0.032109091,0,0
North,Sikkim,0.562290909,0.032109091,0,0
North,Sikkim,0.562290909,0,0,0
North,Sikkim,0.562290909,0,0,0
North,Sikkim,0.181648555,0.032109091,0,0
North,Sikkim,0.181648555,0.032109091,0,0
North,Sikkim,0.181648555,0,0,0
North,Sikkim,0.181648555,0,0,0
North  Middle Andaman,Andaman  Nicobar,0.373257353,0.003953676,0,0.019121324
North East,Delhi,0.15725,0,0,0
North Garo Hills,Meghalaya,0.278131915,0,0,0.711965957
North Goa,Goa,0.141804348,0,0.23883913,0.352415942
North Tripura,Tripura,0.49904717,0,0,0.301783019
North Twentyfour Parganas,West Bengal,0.224738994,0,0.015237736,0.153207547
North West,Delhi,0.461385714,0.021657143,0,0
Pakke Kessang,Arunachal Pradesh,0.613478205,0,0,0.016878205
Pakur,Jharkhand,0.133424658,0,0,0.705027397
Palakkad,Kerala,0.274382222,0,0.027085556,0.533116111
Palamu,Jharkhand,0.454493258,0,0,0.399276404
Palghar,Maharashtra,0.663139623,0,0,0.124728774
Pali,Rajasthan,0.698780652,0.200395112,0,0
Palwal,Haryana,0.642596364,0.124274545,0,0.130563636
Panch Mahals,Gujarat,0.407466165,0.001939098,0,0.502706015
Panchkula,Haryana,0.185183333,0.000116667,0,0
Panlpat,Haryana,0.812467308,0.039019231,0,0
Panna,Madhya Pradesh,0.425884561,0.018180702,0,0.525521053
Papumpare,Arunachal Pradesh,0.272837681,0.00115,0,0.257471014
Parbhani,Maharashtra,0.191456863,0,0,0.734814118
Paren,Nagaland,0.358269231,0,0.013023077,0.400955128
Paschim Barddhaman,West Bengal,0.649515493,0,0,0.069369014
Paschim Medinlpur,West Bengal,0.506773518,0,0,0.35956917
Pashchimi Champaran,Bihar,0.569902885,0.208269712,0,0
Patan,Gujarat,0.604860699,0.030737991,0,0.269963755
Pathankot,Punjab,0.56196,0.0915325,0,0
Patiala,Punjab,0.738002985,0,0,0.157566418
Patna,Bihar,0.245592248,0,0,0.488212403
Pattanamthitta,Kerala,0.040064486,0,0.198229907,0.717728037
Pauri Garhwal,Uttarakhand,0.724316038,0.028178774,0,0
Peddapalli,Telangana,0.126263333,0,0.12955,0.469221111
Perambalr,Tamil Nadu,0,0,0.139607042,0.679235211
Phek,Nagaland,0.462186486,0,0.244178378,0.255063514
Pherzawl,Manipur,0.434795349,0,0.442644186,0.098234884
Pithoragarh,Uttarakhand,0.348544792,0,0,0
Plllbhlt,Uttar Pradesh,0.769440397,0.064777483,0,0.001049669
Pnch,Jammu And Kashmlr,0.856398225,0,0,0
Porbandar,Gujarat,0,0.023579348,0,0.292490217
Potti Sriramulu Nellore,Andhra Pradesh,0.066040338,0.008071857,0.0942606,0.577670544
Prakasam,Andhra Pradesh,0.019139802,0.004470963,0.114500283,0.525179178
Pratapgarh,Rajasthan,0.110466851,0,0.03730884,0.386439227
Pratapgarh,Rajasthan,0.110466851,0,0,0.386439227
Pratapgarh,Rajasthan,0.110466851,0.016414384,0.03730884,0.386439227
Pratapgarh,Rajasthan,0.110466851,0.016414384,0,0.386439227
Pratapgarh,Rajasthan,0.609639041,0,0.03730884,0.386439227
Pratapgarh,Rajasthan,0.609639041,0,0,0.386439227
Pratapgarh,Rajasthan,0.609639041,0.016414384,0.03730884,0.386439227
Pratapgarh,Rajasthan,0.609639041,0.016414384,0,0.386439227
Pratapgarh,Uttar Pradesh,0.110466851,0,0.03730884,0.286963014
Pratapgarh,Uttar Pradesh,0.110466851,0,0,0.286963014
Pratapgarh,Uttar Pradesh,0.110466851,0.016414384,0.03730884,0.286963014
Pratapgarh,Uttar Pradesh,0.110466851,0.016414384,0,0.286963014
Pratapgarh,Uttar Pradesh,0.609639041,0,0.03730884,0.286963014
Pratapgarh,Uttar Pradesh,0.609639041,0,0,0.286963014
Pratapgarh,Uttar Pradesh,0.609639041,0.016414384,0.03730884,0.286963014
Pratapgarh,Uttar Pradesh,0.609639041,0.016414384,0,0.286963014
Prayagraj,Uttar Pradesh,0.46281086,0.132366063,0,0.267302715
Prbi Champaran,Bihar,0.768925786,0,0,0.027853459
Prnia,Bihar,0.640632061,0.221953435,0,0
Puducherry,Puducherry,0.041552941,0,0,0.818794118
Pudukkottai,Tamil Nadu,0.219054211,0.002849474,0.174710526,0.167874211
Pulwama,Jammu And Kashmlr,0.662875,0.036311111,0,0
Pune,Maharashtra,0.406787601,0,0,0.482380515
Purba Barddhaman,West Bengal,0.140323786,0,0,0.698229612
Purba Medinlpur,West Bengal,0.100548101,0,0,0.707777848
Puri,Odisha,0.160778832,0.008668613,0,0.402437226
Puruliya,West Bengal,0.654173684,0,0,0.221259109
Raibeareli,Uttar Pradesh,0.738101911,0.083029936,0,0.05616051
Raichr,Karnataka,0.037999401,0,0.129486527,0.72417994
Raigarh,Chhattlsgarh,0.635323843,0,0.026960142,0.175649822
Raipur,Chhattlsgarh,0.01964661,0,0,0.802548305
Raisen,Madhya Pradesh,0.021217836,0,0.014340936,0.798279532
Raj Nandgaon,Chhattlsgarh,0.504589877,0,0,0.434793252
Raj Samand,Rajasthan,0.58204918,0.008398907,0,0
Rajauri,Jammu And Kashmlr,0.916831193,0,0,0
Rajgarh,Madhya Pradesh,0.039988664,0,0,0.841525506
Rajkot,Gujarat,0.036660323,0,0.012609355,0.838644516
Ramanagaram,Karnataka,0,0,0.658217021,0.195968085
Ramanathapuram,Tamil Nadu,0.012538994,0.008195597,0.035084906,0.696228302
Ramban,Jammu And Kashmlr,0.927438462,0,0,0
Ramgarh,Jharkhand,0.367110909,0,0,0.479796364
Rampur,Uttar Pradesh,0.864603191,0.043805319,0,0.051185106
Ranchi,Jharkhand,0.500013793,0,0,0.437328571
Rangareddy,Telangana,0.021686139,0,0.165545545,0.642623267
Ranippettai,Tamil Nadu,0.013790667,0,0.003856,0.490296
Ranjanna Sircilla,Telangana,0.172522078,0,0.206446753,0.258967532
Ratlam,Madhya Pradesh,0.000277604,0,0.153991667,0.702286979
Ratnagiri,Maharashtra,0.772380303,0.003572121,0.030608788,0.082001818
Rayagarha,Odisha,0.419436271,0,0.090035932,0.469783729
Raygad,Maharashtra,0.64422482,0.009580216,0,0.18606259
Rewa,Madhya Pradesh,0.4215116,0.0031788,0,0.5323636
Rewari,Haryana,0.234663636,0.661377273,0,0.008822727
Riasi,Jammu And Kashmlr,0.793094521,0.012657534,0,0
Ribhoi,Meghalaya,0.092587097,0,0,0.86805914
Rohtak,Haryana,0.908114706,0.016729412,0,0
Rohtas,Bihar,0.310405298,0,0,0.534436424
Rpnagar,Punjab,0.294567857,0.048798214,0,0.000216071
Rudraprayag,Uttarakhand,0.613212821,0.111248718,0,0
Sabar Kantha,Gujarat,0.604096319,0,0,0.19466135
Sagar,Madhya Pradesh,0.251070936,0,0,0.64581798
Saharanpur,Uttar Pradesh,0.719230263,0.108771711,0,0.001097368
Saharsa,Bihar,0.491227941,0.313847059,0,0
Sahibganj,Jharkhand,0.3913,0,0,0.362994186
Saiha,Mizoram,0.54335,0,0,0.14405
Salem,Tamil Nadu,0.213458848,0,0.16887037,0.284786831
Samastlpur,Bihar,0.793326606,0,0,0.0904
Samba,Jammu And Kashmlr,0.453071795,0,0,0
Sambalpur,Odisha,0.438252256,0,0,0.446196617
Sambhal,Uttar Pradesh,0.778305941,0.137867327,0,0.001363366
Sangareddy,Telangana,0.084889205,0,0.110415341,0.619027841
Sangli,Maharashtra,0.46365226,0,0,0.500234463
Sangrr,Punjab,0.898409929,0.018040426,0,0.002431915
Santkabirnagar,Uttar Pradesh,0.804078125,0,0,0.032435938
Saraikelakharsawan,Jharkhand,0.410915741,0,0,0.27309537
Saran,Bihar,0.746743396,0,0,0.067401887
Sas Nagar Sahlbzada Ajlt Singh Nagar,Punjab,0.640062791,0.023167442,0,0.00465814
Satara,Maharashtra,0.685528744,0,0.003735266,0.241299275
Satna,Madhya Pradesh,0.478651307,0,0,0.425940523
Sawai Madhopur,Rajasthan,0.311040291,0.041179612,0,0.267816505
Sehore,Madhya Pradesh,0.125115649,0.009430534,0.175180153,0.592177863
Senapati,Manipur,0.626337143,0,0.034461429,0.282741429
Seoni,Madhya Pradesh,0.505711364,0,0,0.458117614
Sepahijala,Tripura,0.675811905,0,0,0.190890476
Serchhlp,Mizoram,0.495535593,0,0,0.47639661
Shahadra,Delhi,0.089137462,0,0,0
Shahdol,Madhya Pradesh,0.68788326,0.117844053,0,0.106959471
Shahjahanpur,Uttar Pradesh,0.777167442,0.054627326,0,0.063768605
Shahld Bhagat Singh Nagar,Punjab,0.54328,0.25681,0,0.065486
Shajapur,Madhya Pradesh,0.014521127,0,0.013239437,0.93405493
Shamli,Uttar Pradesh,0.685886,0.176062,0,0
Sheikhpura,Bihar,0.191262069,0,0,0.742186207
Sheohar,Bihar,0.917964706,0,0,0.003058824
Sheopur,Madhya Pradesh,0.443705185,0.00829,0,0.31870963
Shi Yomi,Arunachal Pradesh,0,0,0,0
Shimla,Himachal Pradesh,0.454039024,0.167657073,0,0
Shivamogga,Karnataka,0.060116129,0,0.236981818,0.47586393
Shivpuri,Madhya Pradesh,0.239788452,0,0,0.556103194
Shrawasti,Uttar Pradesh,0.490311538,0.169910256,0,0.111830769
Shuplyan,Jammu And Kashmlr,0.559295238,0,0,0
Siang,Arunachal Pradesh,0.060035971,0,0,0.599691367
Sibsagar,Assam,0.809442424,0.001113636,0,0.000837879
Siddharthnagar,Uttar Pradesh,0.750110833,0,0,0.050615
Siddipet,Telangana,0.00384,0,0.125128966,0.296988966
Sidhi,Madhya Pradesh,0.500558031,0,0,0.436412953
Simdega,Jharkhand,0.561972667,0,0,0.265944
Sindhudurg,Maharashtra,0.854879902,0,0.000925,0.082223039
Singrauli,Madhya Pradesh,0.425183406,0,0,0.446900437
Sirmaur,Himachal Pradesh,0.653425439,0.031809649,0,0.003544737
Sirohi,Rajasthan,0.436213462,0.158159615,0,0.040687981
Sirsa,Haryana,0.600697701,0.327862069,0,0.022465517
Sivaganga,Tamil Nadu,0.131518343,0,0.442293491,0.233161538
Siwan,Bihar,0.786277528,0,0,0.050389888
Slkar,Rajasthan,0.115996753,0.736594481,0,0
Sltamarhi,Bihar,0.509954118,0,0,0.276408235
Sltapur,Uttar Pradesh,0.866845494,0.043077253,0,0
Solan,Himachal Pradesh,0.165632432,0.052318919,0,0
Solapur,Maharashtra,0.300442289,0,0,0.637438143
Sonbhadra,Uttar Pradesh,0.172133571,0,0,0.460302143
Sonitpur,Assam,0.778894167,0,0,1.25E-05
Sonlpat,Haryana,0.840232558,0.045113953,0,0
South,Delhi,0.5829,0,0,0
South,Delhi,0.5829,0,0,0
South,Delhi,0.5829,0,0,0
South,Delhi,0.5829,0,0,0
South,Delhi,0.896085714,0,0,0
South,Delhi,0.896085714,0,0,0
South,Delhi,0.896085714,0,0,0
South,Delhi,0.896085714,0,0,0
South,Sikkim,0.5829,0,0,0
South,Sikkim,0.5829,0,0,0
South,Sikkim,0.5829,0,0,0
South,Sikkim,0.5829,0,0,0
South,Sikkim,0.896085714,0,0,0
South,Sikkim,0.896085714,0,0,0
South,Sikkim,0.896085714,0,0,0
South,Sikkim,0.896085714,0,0,0
South Andaman,Andaman  Nicobar,0.238844,0,0,0
South East,Delhi,0.2655,0,0,0
South Garo Hills,Meghalaya,0.275954795,0,0,0.551694521
South Goa,Goa,0.208181013,0,0.212805063,0.371059494
South Salmara Mancachar,Assam,0.095120833,0,0,0.075095833
South Tripura,Tripura,0.346917241,0,0,0.190353448
South Twentyfour Parganas,West Bengal,0.157977049,7.97E-05,0.332013443,0.055574754
South West,Delhi,0.522844444,0.148944444,0,0
South West Garo Hills,Meghalaya,0.179908824,0,0,0.575797059
South West Khasi Hills,Meghalaya,0.437988679,0,0,0.384466038
Srajpur,Chhattlsgarh,0.601530909,0,0,0.118275
Srat,Gujarat,0.058403468,0.006260694,0,0.665992486
Sri Muktsar Sahib,Punjab,0.804796226,0.123065094,0,0
Srikakulam,Andhra Pradesh,0.217463519,0.006029614,0.039218026,0.510478112
Srlnagar,Jammu And Kashmlr,0.487175,0.077475,0,0
Sub Urban Mumbai,Maharashtra,0.027805882,0,0,0.203411765
Subarnapur,Odisha,0.314595699,0,0,0.582016129
Sukma,Chhattlsgarh,0.6287,0,0.033199548,0.271758371
Sultanpur,Uttar Pradesh,0.708400926,0,0,0.237062963
Sundargarh,Odisha,0.652134794,0,0,0.254776804
Supaul,Bihar,0.342633696,0.425907609,0,0
Surendranagar,Gujarat,0.328788172,0,0.003401882,0.562236022
Surguja,Chhattlsgarh,0.898914557,0,0,0.048229114
Suryapet,Telangana,0.115001408,0,0.1837,0.332711268
Tamenglong,Manipur,0.199642857,0,0.224747899,0.384583193
Tapi,Gujarat,0.219027692,0,0,0.588313077
Tarn Taran,Punjab,0.835614433,0,0,0.039880412
Tawang,Arunachal Pradesh,0,0.069834021,0,0
Tehri Garhwal,Uttarakhand,0.643831013,0.002053797,0,0.002920253
Tengnoupal,Manipur,0.302070588,0,0.14444902,0.543945098
Teni,Tamil Nadu,0.198890351,0,0,0.667996491
Tenkasi,Tamil Nadu,0.130215929,0.001637168,0.194993805,0.509019469
Thane,Maharashtra,0.751954651,0,0,0.099480814
Thanjavr,Tamil Nadu,0.243207353,0,0,0.524891176
Thiruvananthapuram,Kerala,0.098472727,0,0.491879545,0.346069318
Thiruvarr,Tamil Nadu,0.103390909,0.003475,0,0.7358125
Thoubal,Manipur,0,0,0,0.77164
Tikamgarh,Madhya Pradesh,0.396001987,0,0,0.375821854
Tinsukia,Assam,0.744301974,0,0.007105263,0.094582895
Tirap,Arunachal Pradesh,0.105552083,0,0.133483333,0.29950625
Tiruchirapalli,Tamil Nadu,0.110284916,0,0.388564246,0.242905587
Tirunelveli,Tamil Nadu,0.226721154,0.035319231,0.167660256,0.385072436
Tiruppattr,Tamil Nadu,0,0,0.526565476,0.215997619
Tiruppr,Tamil Nadu,0.069009901,0,0.073228713,0.154082673
Tiruvallr,Tamil Nadu,0.105766667,0,0.126434921,0.346599206
Tiruvannamalai,Tamil Nadu,0.026484211,0,0.120722267,0.600776923
Tonk,Rajasthan,0.805070486,0.008821528,0,0.015083681
Trissr,Kerala,0.21023719,0,0.135103306,0.552316529
Tuensang,Nagaland,0.083268293,0,0.357908537,0.426667073
Tumakru,Karnataka,0.009195338,0,0.429494872,0.399974592
Tuticorin,Tamil Nadu,0.007340625,0.029685417,0.111602083,0.721316146
Udaipur,Rajasthan,0.46962094,0.007654915,0,0.014028419
Udalguri,Assam,0.886811905,0,0,0.028392857
Udham Singh Nagar,Uttarakhand,0.856883654,0.036313462,0,0
Udhampur,Jammu And Kashmlr,0.869234043,0,0,0
Udupi,Karnataka,0,0.158112925,0.644056463,0.147689116
Ujjain,Madhya Pradesh,0.012097934,0,0.02678843,0.909613636
Ukhrul,Manipur,0.377257831,0,0.142075904,0.4662
Umaria,Madhya Pradesh,0.414061202,0.127373224,0,0.284019126
Una,Himachal Pradesh,0.398120968,0.011925806,0,0
Unnao,Uttar Pradesh,0.797278689,0.10758306,0,0.005587978
Unokoti,Tripura,0.346473077,0,0,0.440642308
Upper Siang,Arunachal Pradesh,0.000476604,0,0,0.365096226
Upper Subansiri,Arunachal Pradesh,0.098144186,0.070128682,0,0.291949225
Usmanabad,Maharashtra,0.443344371,0,0.001595033,0.480573179
Uttar Bastar Kanker,Chhattlsgarh,0.880606007,0,0,0.088774558
Uttar Dinajpur,West Bengal,0.735860317,0.002388095,0,0.057180159
Uttara  Kannada,Karnataka,0.062636957,0.025971981,0.308412319,0.50913285
Uttarkashi,Uttarakhand,0.424564396,0.09480031,0,0
Vadodara,Gujarat,0.282350296,0.055136686,0,0.554033136
Vaishali,Bihar,0.532009877,0,0,0.197096296
Valsad,Gujarat,0.46122735,0,0.000983761,0.254937607
Varanasi,Uttar Pradesh,0.571340323,0.033598387,0,0.231590323
Vellore,Tamil Nadu,0,0,0.222795402,0.257148276
Vidisha,Madhya Pradesh,0.026468259,0,0.026483959,0.807050171
Vijayapura,Karnataka,0.317394245,0,0.000115108,0.60576259
Vikarabad,Telangana,0.01645302,0,0.136483221,0.69765906
Villupuram,Tamil Nadu,0.019616429,0.003036429,0.047940714,0.735125
Virudhunagar,Tamil Nadu,0.002561538,0,0.094453254,0.789414793
Visakhapatnam,Andhra Pradesh,0.087107576,0.001241558,0.149190909,0.543185281
Vizianagaram,Andhra Pradesh,0.1334932,0,0.1652748,0.6039444
Wanaparthy,Telangana,0.357874118,0,3.53E-06,0.266157647
Warangal Rural,Telangana,0.003207447,0,0.168490426,0.616203191
Warangal Urban,Telangana,0.06374,0,0.148237778,0.458848889
Wardha,Maharashtra,0.260878968,0,0,0.683542063
Washlm,Maharashtra,0.039119807,0,0,0.918926087
Wayanad,Kerala,0.179550588,0,0.18234,0.626492941
West,Sikkim,0.782482,0,0,0
West,Sikkim,0.782482,0,0,0
West,Sikkim,0.782482,0,0,0
West,Sikkim,0.782482,0,0,0
West,Sikkim,0.272383333,0,0,0
West,Sikkim,0.272383333,0,0,0
West,Sikkim,0.272383333,0,0,0
West,Sikkim,0.272383333,0,0,0
West,Delhi,0.782482,0,0,0
West,Delhi,0.782482,0,0,0
West,Delhi,0.782482,0,0,0
West,Delhi,0.782482,0,0,0
West,Delhi,0.272383333,0,0,0
West,Delhi,0.272383333,0,0,0
West,Delhi,0.272383333,0,0,0
West,Delhi,0.272383333,0,0,0
West Garo Hills,Meghalaya,0.044274074,0,0,0.873567593
West Godavari,Andhra Pradesh,0.103591515,0.005134242,0.165077273,0.548517273
West Jaintia Hills,Meghalaya,0.25274507,0,0,0.6056
West Kameng,Arunachal Pradesh,0.20214505,0.109259901,0,0.085930693
West Karbi Anglong,Assam,0.573062097,0,0,0.373758871
West Khasi Hills,Meghalaya,0.35190375,0,0,0.619694375
West Nimar,Madhya Pradesh,0.093300615,0,0.048908615,0.737242154
West Siang,Arunachal Pradesh,0.000694545,0,0,0.911572727
West Singhbhum,Jharkhand,0.342731944,0,0,0.285541319
West Tripura,Tripura,0.4807,0,0,0.145026316
Wokha,Nagaland,0.705178788,0,0,0.205059091
Y S R Kadapa,Andhra Pradesh,0.070371803,0,0.287761967,0.341841311
Yadadri Bhuvanagiri,Telangana,0.219512403,0,0.019087597,0.466844961
Yadglr,Karnataka,0.053065714,0,0.227713333,0.592637143
Yamunanagar,Haryana,0.719961429,0.000464286,0,0.031612857
Yanam,Puducherry,0.039644933,0,0,0.49449064
Yavatmal,Maharashtra,0.226602564,0,0,0.726630037
Zunheboto,Nagaland,0.389835938,0,0.19588125,0.349428125
