District,STATE,REMARKS,State_LGD,DISTRICT_L,Shape_Leng,Shape_Area,clayey_count,clayey_sum,clayey_mean
MORBI,GUJAR>T,,24,"673",539476.76472300000,4791280260.47000026703,198,1543609,7796.00505050505
AHMAD>B>D,GUJAR>T,,24,"438",857254.09464699996,6966373705.02999973297,289,1358959,4702.28027681661
>NAND,GUJAR>T,,24,"440",393046.69052300003,3054307464.84000015259,126,150451,1194.05555555556
DEVBHUMI DW>RKA,GUJAR>T,,24,"674",661732.98652999999,4002784449.65999984741,167,664963,3981.81437125749
J>MNAGAR,GUJAR>T,,24,"447",737428.07188399998,5694270687.81999969482,240,1616146,6733.94166666667
KACHCHH,GUJAR>T,,24,"449",2097006.99668000010,39131654163.69999694824,1623,781042,481.233518176217
BH>VNAGAR,GUJAR>T,,24,"443",505012.24022099999,6514338031.34999942780,267,1890731,7081.38951310861
BHAR@CH,GUJAR>T,,24,"442",802579.90107599995,4745943030.64999961853,198,1044714,5276.33333333333
S@RAT,GUJAR>T,,24,"459",523086.27817900002,4175888238.05000019073,173,1152167,6659.92485549133
NAVS>RI,GUJAR>T,,24,"453",327510.17020499997,2126084215.16000008583,89,606042,6809.4606741573
VALS>D,GUJAR>T,,24,"462",503925.52896400000,2846762616.40000009537,117,298277,2549.37606837607
AGAR MALWA,MADHYA PRADESH,,23,"667",374654.34239700000,2626911357.63000011444,111,877836,7908.43243243243
DISPUTED (RATLAM & MANDSAUR),MADHYA PRADESH,,23,,12984.58521330000,1263972.38528999989,0.0525857014330274,97.9676763377407,1863.0097853218
>GRA,UTTAR PRADESH,,9,"118",787929.47860300005,3902791485.67999982834,163,70822,434.490797546012
AJMER,R>JASTH>N,,8,"86",812709.25638799998,8160298609.52000045776,343,85920,250.495626822157
>LAPPUZHA,KERALA,,32,"554",295137.80891600001,1453745489.94000005722,58,185911,3205.36206896552
AL|GARH,UTTAR PRADESH,,9,"119",498779.44332800002,3585997343.21999979019,148,136414,921.716216216216
ALIRAJPUR,MADHYA PRADESH,,23,"639",481486.80244599999,3206796950.71000003815,130,556649,4281.91538461538
DISPUTED (ALIRAJPUR & D>HOD),DISPUTED (MADHYA PRADESH & GUJAR>T),,0,,18063.05542870000,4222065.23000000045,0.175540197851567,1752.14146716488,9981.4258421108
ALMORA,UTTAR>KHAND,,5,"45",394957.24764900003,3054451807.94999980927,124,0,0
ALWAR,R>JASTH>N,,8,"87",908983.51874900004,8091212384.84000015259,335,12773,38.1283582089552
AMBEDKARNAGAR,UTTAR PRADESH,,9,"121",384817.94375400001,2242460943.92000007629,91,110376,1212.92307692308
AMETHI,UTTAR PRADESH,,9,"640",396742.73799400002,2336051998.92000007629,98,431795,4406.07142857143
AMROHA,UTTAR PRADESH,,9,"154",364954.37971399998,2379925279.25000000000,98,5770,58.8775510204082
ANANTAPUR,ANDHRA PRADESH,,28,"502",1524559.50704999990,19165556643.40000152588,776,2645863,3409.61726804124
ANUGUL,ODISHA,,21,"344",605948.92970800004,6144341883.10000038147,256,512664,2002.59375
ANUPPUR,MADHYA PRADESH,,23,"390",563005.80408799998,3628974441.69000005722,150,338198,2254.65333333333
ARAVALLI,GUJAR>T,,24,"672",424917.88691800000,3030307976.92999935150,129,433306,3358.96124031008
ASHOKNAGAR,MADHYA PRADESH,,23,"391",428702.34131400002,4554381637.06999969482,189,1598978,8460.20105820106
AURAIYA,UTTAR PRADESH,,9,"122",279215.51035699999,1944745434.89000010490,81,6085,75.1234567901235
AZAMGARH,UTTAR PRADESH,,9,"123",498671.91985200002,4057541804.43000030518,171,13341,78.0175438596491
BUDAUN,UTTAR PRADESH,,9,"133",449698.11925300001,4112357065.93999958038,169,10318,61.0532544378698
B>GALKOT,KARN>TAKA,,29,"524",659839.06856799999,6414875097.54000091553,267,1045649,3916.28838951311
B>GESHWAR,UTTAR>KHAND,,5,"46",315673.15984199999,2173075913.40000009537,88,0,0
B>GHPAT,UTTAR PRADESH,,9,"124",218392.98638100000,1281800382.94000005722,52,0,0
BAHRAICH,UTTAR PRADESH,,9,"125",578747.61541500001,4776946197.07999992371,194,294969,1520.4587628866
BALAGHAT,MADHYA PRADESH,,23,"392",711298.24101999996,8904866537.20999908447,366,1391793,3802.7131147541
BOLANGIR (BALANGIR),ODISHA,,21,"345",560766.02267900005,6318357757.31000041962,263,1151464,4378.19011406844
BALASORE (B>LESHWAR),ODISHA,,21,"346",554559.33411299996,3581349597.40000009537,149,253946,1704.3355704698
BALL>RI,KARN>TAKA,,29,"528",780219.72859700001,8330054798.35999965668,334,1116762,3343.59880239521
BALLIA,UTTAR PRADESH,,9,"126",435847.66576000000,2878350458.86999988556,115,0,0
B>LOD,CHHATT|SGARH,,22,"646",415028.30758899997,3249540771.94000005722,137,578972,4226.07299270073
BALODA B>Z>R,CHHATT|SGARH,,22,"644",485313.89706900000,4495468285.35000038147,185,1190120,6433.08108108108
BALR>MPUR,CHHATT|SGARH,,22,"649",652255.34440800000,6029078270.35000038147,249,434475,1744.87951807229
BALRAMPUR,UTTAR PRADESH,,9,"127",461650.34350100002,3225738696.21000003815,131,20635,157.519083969466
BANAS K>NTHA,GUJAR>T,,24,"441",916373.29006599996,10349019412.60000038147,427,323074,756.613583138173
BANDA,UTTAR PRADESH,,9,"128",666400.81344199996,4283882474.25000000000,176,758312,4308.59090909091
B>NSW>RA,R>JASTH>N,,8,"88",411359.21857899998,4336303719.10000038147,182,1019556,5601.95604395604
BARABANKI,UTTAR PRADESH,,9,"129",489434.66960500000,3707078880.88000059128,152,113891,749.282894736842
BARAGARH,ODISHA,,21,"347",603877.34730499994,5624674392.31999969482,229,1229836,5370.46288209607
B>R>N,R>JASTH>N,,8,"89",632102.19394200004,6726828635.93999958038,277,1883169,6798.4440433213
BAREILLY,UTTAR PRADESH,,9,"130",516176.11593099998,3985895113.98000049591,164,91901,560.371951219512
B>RMER,R>JASTH>N,,8,"90",1049617.25185999996,27319207031.20000076294,1140,90687,79.55
BARWANI,MADHYA PRADESH,,23,"393",493718.64227000001,5227384390.81000041962,220,866458,3938.44545454545
BASTAR,CHHATT|SGARH,,22,"374",569531.12597599998,5228700398.78999996185,218,489831,2246.93119266055
BASTI,UTTAR PRADESH,,9,"131",371752.22380799998,2684574246.21000003815,113,30704,271.716814159292
BELAG>VI,KARN>TAKA,,29,"527",1101145.49922999996,13157389060.90000152588,535,2069162,3867.59252336449
BEMET>RA,CHHATT|SGARH,,22,"650",379763.71248699998,2155425658.03999996185,88,724037,8227.69318181818
BENGAL@RU RURAL,KARN>TAKA,,29,"526",491266.99765999999,2286911394.90999984741,97,584675,6027.57731958763
BENGAL@RU URBAN,KARN>TAKA,,29,"525",332478.19448300003,2189237083.51000022888,86,349254,4061.09302325581
BETUL,MADHYA PRADESH,,23,"394",726502.59591699997,9679103297.63999938965,408,1592745,3903.78676470588
BHADOHI,UTTAR PRADESH,,9,"179",273256.72492399998,976420388.66999995708,40,42775,1069.375
BHADRAK,ODISHA,,21,"348",356631.20418399997,2415828025.28999996185,98,184948,1887.22448979592
BHARATPUR,R>JASTH>N,,8,"91",731664.14342099999,4881165658.53999996185,203,0,0
BH|LW>RA,R>JASTH>N,,8,"92",724746.61398599995,10089945542.29999923706,426,140620,330.093896713615
BHIND,MADHYA PRADESH,,23,"395",592535.66903999995,4298496364.60000038147,179,1212600,6774.30167597765
BHOPAL,MADHYA PRADESH,,23,"396",378109.02190900000,2660915967.94999980927,110,732894,6662.67272727273
B|DAR,KARN>TAKA,,29,"529",551963.04584999999,5296106339.05000019073,218,1030108,4725.26605504587
B|J>PUR,CHHATT|SGARH,,22,"636",717764.34033599996,8962483683.11000061035,367,1051947,2866.34059945504
BIJNOR,UTTAR PRADESH,,9,"132",381323.12095499999,4465254228.84000015259,185,18838,101.827027027027
B|K>NER,R>JASTH>N,,8,"93",1180982.39229999995,29242823510.20000076294,1210,0,0
BIL>SPUR,CHHATT|SGARH,,22,"375",447081.50785599998,3410747938.82000017166,142,549133,3867.1338028169
GAURELA-PENDRA-MARWAHI,CHHATT|SGARH,,22,"734",269819.93649300002,1918218806.11999964714,82,212775,2594.81707317073
BIL>SPUR,HIM>CHAL PRADESH,,2,"15",253303.28362500001,1139841150.08999991417,49,0,0
BISHNUPUR,MANIPUR,,14,"252",158213.28630800001,461820332.27200001478,20,34860,1743
BOKARO,JH>RKHAND,,20,"322",426028.25347699999,2769081510.11999988556,119,436287,3666.27731092437
BULANDSHAHR,UTTAR PRADESH,,9,"134",383798.39097000001,3402373200.41000032425,142,4314,30.3802816901408
B@NDI,R>JASTH>N,,8,"94",483675.26263399998,5557825521.47000026703,229,511165,2232.1615720524
BURHANPUR,MADHYA PRADESH,,23,"397",333906.40709200001,3107225756.71999979019,128,536883,4194.3984375
CENTRAL,DELHI,,7,"77",92366.02411550000,103186016.09400001168,3,0,0
CH>MAR>JANAGAR,KARN>TAKA,,29,"531",591094.40235300001,5667936944.09000015259,229,1142691,4989.91703056769
CHAMBA,HIM>CHAL PRADESH,,2,"16",561018.42641199997,6411374707.60999965668,260,0,0
CHAMP>WAT,UTTAR>KHAND,,5,"48",271591.23589200003,1715186952.97000002861,71,0,0
CHAMPH>I,MIZORAM,,15,"262",417447.64627299999,3269846214.01000070572,137,276924,2021.34306569343
CHANDAULI,UTTAR PRADESH,,9,"135",383495.88005899999,2452050714.15000009537,102,180868,1773.21568627451
CHANDEL,MANIPUR,,14,"253",237512.98587400001,1896502418.80999994278,78,327803,4202.60256410256
CHANDIGARH,CHAND|GARH,,4,"44",62113.07637860000,111867387.14599999785,5,0,0
CHATRA,JH>RKHAND,,20,"323",563467.09325899999,3659068583.38000059128,156,445065,2852.98076923077
CHHATARPUR,MADHYA PRADESH,,23,"398",996335.29110799998,8344542362.18999958038,348,1215087,3491.62931034483
CHHINDWARA,MADHYA PRADESH,,23,"399",814856.77476800000,11368092974.29999923706,467,1901944,4072.6852248394
CHHOTA UDEPUR,GUJAR>T,,24,"668",515414.99447699997,3326713607.30000019073,139,1172014,8431.75539568345
CHIK BALL>PUR,KARN>TAKA,,29,"630",493203.11986500002,4213065376.55999994278,171,570953,3338.90643274854
CHIKKAMAGAL@RU,KARN>TAKA,,29,"532",590659.05133000005,7157359114.53999996185,287,1219133,4247.85017421603
CHITRADURGA,KARN>TAKA,,29,"533",674318.41025099996,8346938429.78999996185,338,1749946,5177.3550295858
CHITRAKOOT,UTTAR PRADESH,,9,"136",533683.22727000003,3070689929.17999982834,128,178193,1392.1328125
CHITTAURGARH,R>JASTH>N,,8,"95",1003416.54359999998,7515310038.81000041962,316,254776,806.253164556962
CHITTOOR,ANDHRA PRADESH,,28,"503",1287744.15934000001,14907547828.40000152588,604,2416317,4000.52483443709
CHUR>CH>NDPUR,MANIPUR,,14,"254",288454.45405000000,2341837747.98000001907,100,93882,938.82
CH@RU,R>JASTH>N,,8,"96",1026392.85028000001,13393563936.09999847412,558,0,0
Y S R KADAPA,ANDHRA PRADESH,,28,"504",796144.60942200001,15155269448.50000000000,610,2085232,3418.4131147541
CUTTACK,ODISHA,,21,"350",623347.49237999995,3720048022.69999980927,157,555461,3537.96815286624
D>HOD,GUJAR>T,,24,"445",397208.12360799999,3503175922.00000000000,142,904226,6367.78873239437
DAKSHINA  KANNADA,KARN>TAKA,,29,"534",485546.30545699998,4846207973.22000026703,190,183524,965.915789473684
DAMAN,D>DRA & NAGAR HAVELI & DAM>N & DIU,,38,"463",49913.14934440000,68969441.33020000160,2,0,0
DAMOH,MADHYA PRADESH,,23,"400",634967.98026800004,7021653982.39000034332,291,1678131,5766.77319587629
D>NGS,GUJAR>T,,24,"444",267412.23872099997,1703425588.23000025749,71,20566,289.661971830986
DAKSHIN BASTAR DANTEW>DA,CHHATT|SGARH,,22,"376",460460.21793400001,2733461710.07000017166,112,210939,1883.38392857143
DATIA,MADHYA PRADESH,,23,"401",560683.83120799996,2585631791.92000007629,110,765343,6957.66363636364
DAUSA,R>JASTH>N,,8,"97",515836.19162000000,3292720927.65000057220,139,149136,1072.92086330935
D>VANGERE,KARN>TAKA,,29,"535",589250.39690800000,5852940042.40999984741,235,1704185,7251.85106382979
DEHRAD@N,UTTAR>KHAND,,5,"49",503253.16431000002,3019033005.11000013351,125,19267,154.136
DEOGARH,ODISHA,,21,"351",409810.12600300001,2847432415.71000003815,119,282349,2372.68067226891
DEORIA,UTTAR PRADESH,,9,"137",396811.75571900001,2443591235.76999998093,100,280684,2806.84
DEWAS,MADHYA PRADESH,,23,"402",851413.88103399996,6745244327.27000045776,276,1953444,7077.69565217391
DHALAI,TRIPURA,,16,"269",368965.01104900002,2191520472.86999988556,93,280121,3012.05376344086
DHAMTARI,CHHATT|SGARH,,22,"377",432007.38739900000,3943167561.26000022888,164,457387,2788.94512195122
DHANBAD,JH>RKHAND,,20,"325",224325.41372600000,1959276427.23000001907,82,44578,543.634146341463
DHAR,MADHYA PRADESH,,23,"403",594125.33839599998,7847408490.51000022888,326,2278386,6988.91411042945
AYODHYA,UTTAR PRADESH,,9,"140",368810.21522000001,2590690408.88000011444,109,141846,1301.33944954128
DEOGHAR,JH>RKHAND,,20,"324",310907.25985899998,2390217604.53000020981,97,112223,1156.9381443299
DH>RWAD,KARN>TAKA,,29,"536",466079.21497600002,4185668771.86000013351,173,1220848,7056.92485549133
DHENK>N>L,ODISHA,,21,"352",407088.67625100003,4299977172.51000022888,178,1066585,5992.05056179775
DHAULPUR,R>JASTH>N,,8,"98",397730.00105700002,2923875633.46000003815,123,40888,332.422764227642
DINDORI,MADHYA PRADESH,,23,"404",640341.91001200001,5526516790.03999996185,235,1141012,4855.37021276596
DUMKA,JH>RKHAND,,20,"326",406167.96867799998,3615427429.57999992371,153,379324,2479.24183006536
D@NGARPUR,R>JASTH>N,,8,"99",373314.88251800003,3625027685.80000019073,150,99383,662.553333333333
DURG,CHHATT|SGARH,,22,"378",341679.97551800002,2214112656.50000000000,91,595919,6548.56043956044
EAST,DELHI,,7,"78",24536.83059660000,30510722.91580000147,1.26104937829829,0,0
EAST,SIKKIM,,11,"225",146187.57622500000,905270519.66700017452,36,0,0
EAST G>RO HILLS,MEGH>LAYA,,17,"273",241796.98896600000,1521778459.57999992371,63,320111,5081.12698412698
EAST GODAVARI,ANDHRA PRADESH,,28,"505",1004317.88398000004,12589817609.00000190735,514,2565242,4990.74319066148
EAST KH>SI HILLS,MEGH>LAYA,,17,"274",331204.46958500001,2735979477.26999998093,112,453766,4051.48214285714
EAST NIMAR,MADHYA PRADESH,,23,"405",605136.19215599995,7190925042.03999996185,297,1925168,6482.04713804714
ERN>KULAM,KERALA,,32,"555",414199.27736299997,3115071285.48000001907,119,525423,4415.31932773109
ETAH,UTTAR PRADESH,,9,"138",494594.14467499999,2338665093.01000022888,100,230521,2305.21
ET>WAH,UTTAR PRADESH,,9,"139",330796.84307599999,2241659390.76999998093,93,20661,222.161290322581
FARRUKH>B>D,UTTAR PRADESH,,9,"141",342912.66093900002,2104537712.83999991417,91,79243,870.802197802198
FATEHPUR,UTTAR PRADESH,,9,"142",437048.11623699998,4012799500.53000020981,168,11664,69.4285714285714
FIROZ>B>D,UTTAR PRADESH,,9,"143",389477.99888899998,2333857122.82999992371,95,55332,582.442105263158
GADAG,KARN>TAKA,,29,"537",559734.03081899998,4576795324.68999958038,183,1005243,5493.13114754098
GAJAPATI,ODISHA,,21,"353",505662.57022100000,4001409962.53000020981,167,903666,5411.17365269461
GANJ>M,ODISHA,,21,"354",679720.08148699999,8115391150.28999996185,332,1438388,4332.49397590361
GARHWA,JH>RKHAND,,20,"328",411883.17961699999,3943667394.67999982834,163,650231,3989.1472392638
GARIY>BAND,CHHATT|SGARH,,22,"645",512147.53486999997,4675476420.44999980927,194,588164,3031.77319587629
GAUTAMBUDHNAGAR,UTTAR PRADESH,,9,"144",310305.17694099998,1367580032.39000010490,56,0,0
GAZIPUR,UTTAR PRADESH,,9,"146",413354.73022299999,3252688582.04000043869,135,20320,150.518518518519
GH>ZI>B>D,UTTAR PRADESH,,9,"145",217418.36005300001,882411235.64299988747,36,0,0
G|R SOMN>TH,GUJAR>T,,24,"675",396544.45320500003,2549589437.78000020981,106,463874,4376.16981132075
GIRIDIH,JH>RKHAND,,20,"329",468886.65629900002,4772801949.38000011444,200,731860,3659.3
GODDA,JH>RKHAND,,20,"330",314184.80731800001,2195720988.78000020981,94,371019,3947.01063829787
GOMATI,TRIPURA,,16,"654",343493.49667500000,1556344729.98000001907,65,232453,3576.2
GONDA,UTTAR PRADESH,,9,"147",513177.22554000001,3838936965.90999984741,159,234808,1476.77987421384
GORAKHPUR,UTTAR PRADESH,,9,"148",548846.09266199998,3208369037.57999944687,139,110399,794.237410071942
GUMLA,JH>RKHAND,,20,"331",564026.42188299994,5154590132.42000007629,214,637971,2981.17289719626
GUNA,MADHYA PRADESH,,23,"406",674934.75869000005,6135291987.36999988556,255,1522548,5970.77647058824
GUNTUR,ANDHRA PRADESH,,28,"506",800649.10298299999,11159896511.89999961853,454,2375504,5232.38766519824
GWALIOR,MADHYA PRADESH,,23,"407",392206.19242300000,4392940982.77999973297,185,1152513,6229.8
HAM|RPUR,HIM>CHAL PRADESH,,2,"17",188675.94177199999,1092455557.70000004768,44,0,0
HAMIRPUR,UTTAR PRADESH,,9,"149",504533.83646399999,3748844216.32000017166,159,888441,5587.67924528302
HANUM>NGARH,R>JASTH>N,,8,"101",939963.77775100002,9415831017.53000068665,380,0,0
H>PUR,UTTAR PRADESH,,9,"661",246171.83691600000,1081374944.17000007629,46,4036,87.7391304347826
HARDA,MADHYA PRADESH,,23,"408",309197.24647600000,3215630808.73999977112,134,1056975,7887.87313432836
HARDOI,UTTAR PRADESH,,9,"150",580623.30044499994,5776645684.00000000000,238,0,0
HARIDW>R,UTTAR>KHAND,,5,"50",287340.47263400001,2225504964.00000000000,90,0,0
HASSAN,KARN>TAKA,,29,"539",653271.78234599996,6790131976.16999912262,272,888580,3266.83823529412
H>THRAS,UTTAR PRADESH,,9,"163",349333.62115800002,1720320995.72000002861,71,130110,1832.53521126761
H>VERI,KARN>TAKA,,29,"540",467260.53066200000,4756757131.34000015259,194,946253,4877.59278350515
HAZARIBAGH,JH>RKHAND,,20,"332",663332.48776000005,4170568752.55000019073,171,870402,5090.0701754386
HOSHANG>B>D,MADHYA PRADESH,,23,"409",569919.85454199999,6432088919.26000022888,268,1717293,6407.80970149254
IDUKKI,KERALA,,32,"556",578310.55097400001,4444596050.06999969482,177,1566080,8847.90960451977
IMPHAL WEST,MANIPUR,,14,"256",195028.39039799999,468816414.14800000191,17,34283,2016.64705882353
INDORE,MADHYA PRADESH,,23,"410",517693.36371200002,3759399157.63999986649,156,1388605,8901.3141025641
JABALPUR,MADHYA PRADESH,,23,"411",576720.81861199997,4898395541.85999965668,204,1357725,6655.51470588235
JAGATSINGHPUR,ODISHA,,21,"355",262528.01857900003,1674095798.69999980927,69,386792,5605.68115942029
JAIPUR,R>JASTH>N,,8,"102",843777.22914700001,10738111916.79999923706,442,0,0
JAISALMER,R>JASTH>N,,8,"103",1149947.19488000008,37076827428.80000305176,1533,0,0
J>JAPUR,ODISHA,,21,"356",433131.24493300001,2794481950.19999980927,115,388223,3375.85217391304
JALAUN,UTTAR PRADESH,,9,"151",494340.82501500001,4393854037.35999965668,181,1330589,7351.32044198895
J>LOR,R>JASTH>N,,8,"104",734506.07877300004,10237007641.50000000000,427,25499,59.7166276346604
JAMTARA,JH>RKHAND,,20,"333",327376.66560800001,1738218050.81999993324,76,6400,84.2105263157895
J>NJG|R - CH>MPA,CHHATT|SGARH,,22,"379",555226.65255799994,4321848604.72999954224,184,1076137,5848.57065217391
JASHPUR,CHHATT|SGARH,,22,"380",501891.72378300002,5627659956.30000019073,236,173989,737.241525423729
JAUNPUR,UTTAR PRADESH,,9,"152",539279.97495800001,3882282959.90000009537,158,70895,448.70253164557
JHABUA,MADHYA PRADESH,,23,"412",340600.11476600001,3311826109.49000024796,139,636735,4580.8273381295
DISPUTED (RATLAM & B>NSW>RA),DISPUTED (MADHYA PRADESH & R>JASTH>N),,0,,4472.64554852000,690105.44732100004,0.0287058858205295,275.461680333801,9596
JH>L>W>R,R>JASTH>N,,8,"105",754272.12085299997,6098840407.68999958038,256,1648211,6438.32421875
JHANSI,UTTAR PRADESH,,9,"153",994300.22835600004,4832822966.53999996185,205,1343978,6555.99024390244
JH>RSUGUDA,ODISHA,,21,"357",357233.91903300001,1995409611.58999991417,86,406440,4726.04651162791
JHUNJHUN@N,R>JASTH>N,,8,"106",520688.84273999999,5725228370.84000015259,240,0,0
JODHPUR,R>JASTH>N,,8,"107",1036725.76566000003,21857052895.40000152588,908,226547,249.501101321586
J@N>GADH,GUJAR>T,,24,"448",650849.60524599999,5922423712.60999965668,246,1384142,5626.59349593496
KAB|RDH>M,CHHATT|SGARH,,22,"382",434302.99125399999,4037905476.30999994278,168,786119,4679.27976190476
KALABURAGI,KARN>TAKA,,29,"538",891041.04382400005,10677305597.10000038147,437,2615137,5984.29519450801
KAL>H>NDI,ODISHA,,21,"358",636149.20425700000,7632727250.78999996185,314,1922305,6121.99044585987
KANDHAM>L,ODISHA,,21,"359",644946.62214600004,7745678774.94999980927,321,1020031,3177.66666666667
K>NGRA,HIM>CHAL PRADESH,,2,"18",571807.66898600000,5633809227.67000007629,229,0,0
UTTAR BASTAR K>NKER,CHHATT|SGARH,,22,"381",645466.92956299998,6944506416.56999969482,283,251232,887.745583038869
KANNAUJ,UTTAR PRADESH,,9,"155",309691.03473600000,2015119811.22000002861,83,40341,486.036144578313
KANN@R,KERALA,,32,"557",339137.09602200001,2976762848.44000005722,117,689169,5890.33333333333
KANPUR,UTTAR PRADESH,,9,"157",461116.27630500001,2888527071.26999998093,116,47527,409.715517241379
KANPUR DEHAT,UTTAR PRADESH,,9,"156",371011.67677399999,3041183145.96999931335,124,55404,446.806451612903
K>RAIK>L,PUDUCHERRY,,34,"598",127972.22800700000,160538689.80000001192,7,55519,7931.28571428571
KARAULI,R>JASTH>N,,8,"108",519975.88221200003,4832985849.85999965668,194,332910,1716.03092783505
K>SARAGOD,KERALA,,32,"558",344680.78840800002,1992999271.91000032425,80,528661,6608.2625
KASGANJ,UTTAR PRADESH,,9,"633",323363.35567899997,1891694043.50999975204,74,192643,2603.28378378378
KATNI,MADHYA PRADESH,,23,"413",635802.34950300003,4859759769.97000026703,198,845934,4272.39393939394
KAUSHAMBI,UTTAR PRADESH,,9,"158",263022.69539600000,1721997321.44999980927,72,6002,83.3611111111111
KENDR>PARHA,ODISHA,,21,"360",406097.54542699998,2444274717.32999992371,103,455418,4421.53398058252
KEONJHAR (KENDUJHAR),ODISHA,,21,"361",664391.23017100000,7996780949.92000007629,334,1288751,3858.53592814371
KHERI,UTTAR PRADESH,,9,"159",689908.29649600002,7431766489.60999965668,308,0,0
KHORDHA,ODISHA,,21,"362",640351.92123900005,2781806247.82000017166,116,301154,2596.15517241379
KHOWAI,TRIPURA,,16,"652",231379.59480300001,1011187255.24000000954,42,99175,2361.30952380952
KHUNTI,JH>RKHAND,,20,"606",385548.04671099997,2534969139.96999979019,101,672786,6661.24752475248
GANG>NAGAR,R>JASTH>N,,8,"100",824329.02861200005,10604700367.50000000000,439,0,0
EAST JAINTIA HILLS,MEGH>LAYA,,17,"657",266454.38842400000,1937293116.24000000954,82,406867,4961.79268292683
KODAGU,KARN>TAKA,,29,"541",466411.43999300001,4107024700.63000011444,165,992656,6016.09696969697
KODARMA,JH>RKHAND,,20,"334",313957.61092499999,1575453962.77000021935,65,34129,525.061538461538
KOLAR,KARN>TAKA,,29,"542",499240.77926699998,3961738111.60999965668,154,371971,2415.3961038961
KOLLAM,KERALA,,32,"559",351983.51947599999,2552846259.80000019073,98,315887,3223.33673469388
KONDAGAON,CHHATT|SGARH,,22,"643",478627.41609700001,4908720155.86999988556,205,55263,269.575609756098
KOPPAL,KARN>TAKA,,29,"543",536933.30314900004,5469501330.60999965668,223,1026383,4602.61434977578
KOR>PUT,ODISHA,,21,"363",790931.63424699998,8131518072.43000125885,332,737906,2222.60843373494
KORBA,CHHATT|SGARH,,22,"383",484704.92379999999,6347595180.57999992371,262,392180,1496.87022900763
KOREA,CHHATT|SGARH,,22,"384",540618.79001300002,6348856686.20000076294,262,160689,613.31679389313
KOTA,R>JASTH>N,,8,"109",608217.65680899995,4895444743.56999969482,201,1285749,6396.76119402985
KOTTAYAM,KERALA,,32,"560",322325.87532200001,2253782890.44000005722,88,556133,6319.69318181818
KOZHIKODE,KERALA,,32,"561",296315.81918499997,2364872476.19999980927,91,428716,4711.16483516484
KRISHNA,ANDHRA PRADESH,,28,"510",832126.82250200002,8561151314.05000019073,357,1973548,5528.14565826331
KULLU,HIM>CHAL PRADESH,,2,"20",422724.96072300000,5379324333.97000026703,219,0,0
KURNOOL,ANDHRA PRADESH,,28,"511",894651.28274199995,17077547954.29999923706,698,4006382,5739.80229226361
KUSHINAGAR,UTTAR PRADESH,,9,"160",457301.79835499998,2771299334.51999998093,117,363407,3106.04273504273
LAKSHADWEEP,LAKSHADWEEP,,31,"553",144322.28282699999,30346283.22520000115,1.19551268443371,0,0
LALITPUR,UTTAR PRADESH,,9,"161",435480.56029100000,4850700924.81999969482,206,561067,2723.62621359223
LATEHAR,JH>RKHAND,,20,"335",504222.16652000003,4079607814.34999990463,167,510745,3058.35329341317
LOHARDAGA,JH>RKHAND,,20,"336",257886.53827100000,1448312602.47000002861,61,139979,2294.73770491803
LUCKNOW,UTTAR PRADESH,,9,"162",370767.28996999998,2438586023.71999979019,100,55761,557.61
MAH>SAMUND,CHHATT|SGARH,,22,"385",522464.37544700003,4579577727.43000030518,189,410865,2173.88888888889
MAHE,PUDUCHERRY,,34,"599",27438.10733680000,9020243.77363999933,0.358931737479149,3083.73722697946,8591.43091841689
MAHISAGAR,GUJAR>T,,24,"669",381868.16892099997,2415516260.59999990463,101,188215,1863.51485148515
MAHOBA,UTTAR PRADESH,,9,"165",556516.12930000003,3143315712.71000003815,130,715240,5501.84615384615
MAINPURI,UTTAR PRADESH,,9,"166",376263.53918399999,2640472978.63999986649,112,41617,371.580357142857
MALAPPURAM,KERALA,,32,"562",405137.23574700003,3589215093.21999979019,143,807738,5648.51748251748
"DISPUTED (S>HIBGANJ, M>LDAH & KATIH>R)","DISPUTED (WEST BENGAL , BIH>R & JH>RKHAND)",,0,,19515.38487790000,13982943.85449999943,0.581477145366051,0.141941386365252,0.244104841430864
MALKANGIRI,ODISHA,,21,"364",502153.52785499999,5614453548.26000022888,232,857871,3697.71982758621
MANDYA,KARN>TAKA,,29,"544",546142.24703500001,4958061208.94999980927,195,738490,3787.12820512821
MANDI,HIM>CHAL PRADESH,,2,"22",335860.11042200000,3867140398.40999984741,156,0,0
MANDLA,MADHYA PRADESH,,23,"415",711614.12809400004,7226559285.01000118256,298,892300,2994.29530201342
MANDSAUR,MADHYA PRADESH,,23,"416",557027.22299499996,5334714119.27999973297,223,1410696,6325.99103139013
MATHURA,UTTAR PRADESH,,9,"167",407498.87504900002,3225493065.84000015259,130,0,0
MAU,UTTAR PRADESH,,9,"168",306512.50381899998,1670689971.45000028610,67,1514,22.5970149253731
MAY@RBHANJ,ODISHA,,21,"365",778904.11272800004,10022504333.20000076294,417,1587858,3807.81294964029
MEERUT,UTTAR PRADESH,,9,"169",320531.34472100000,2512807895.46999979019,104,0,0
MIRZAPUR,UTTAR PRADESH,,9,"170",574005.62761400000,4246825888.34999942780,178,354587,1992.06179775281
MOR>D>B>D,UTTAR PRADESH,,9,"171",396486.12532200001,1887455028.06000018120,79,21508,272.253164556962
MORENA,MADHYA PRADESH,,23,"417",630246.71711199998,4802761551.71000003815,195,1291447,6622.80512820513
MUNGELI,CHHATT|SGARH,,22,"647",435239.28960600001,2672352997.36000013351,109,398791,3658.63302752294
MUZAFFARNAGAR,UTTAR PRADESH,,9,"172",343519.23882899998,2657072857.88999986649,109,0,0
MYS@RU,KARN>TAKA,,29,"545",677680.91497000004,6319631855.37999916077,255,1577726,6187.16078431373
NABARANGAPUR,ODISHA,,21,"366",557230.08014500001,5275175542.98999977112,220,1050472,4774.87272727273
N>GAUR,R>JASTH>N,,8,"110",954558.16926600004,17172898481.79999923706,710,0,0
NAINIT>L,UTTAR>KHAND,,5,"51",434894.75147299998,3869769679.38999986649,160,0,0
N>R>INPUR,CHHATT|SGARH,,22,"637",437577.54986700002,3772332359.33999967575,152,335236,2205.5
NARM>DA,GUJAR>T,,24,"452",404799.25293100002,2713805394.92999982834,110,868562,7896.01818181818
NARSHIMAPURA,MADHYA PRADESH,,23,"418",556315.97834200005,4939286406.10000038147,203,1506675,7422.04433497537
NAY>GARH,ODISHA,,21,"367",434221.30567899998,3763289195.26999998093,158,706280,4470.12658227848
POTTI SRIRAMULU NELLORE,ANDHRA PRADESH,,28,"515",669181.75708300003,13056481834.39999961853,533,3078984,5776.70544090056
NEW DELHI,DELHI,,7,"79",80699.25079190002,151623804.29499998689,7,0,0
NICOBAR,ANDAMAN & NICOBAR,,35,"603",956102.10879600001,1851896396.01999998093,72,0,0
NIMACH,MADHYA PRADESH,,23,"419",646368.77679200005,4122459893.05000019073,168,447637,2664.50595238095
NORTH,DELHI,,7,"80",110611.97657800000,282183219.81699997187,11,0,0
NORTH,SIKKIM,,11,"226",328955.13737200003,4082362223.95999956131,173,0,0
NORTH & MIDDLE ANDAMAN,ANDAMAN & NICOBAR,,35,"632",3083245.68361999979,3438875022.58999967575,136,26005,191.213235294118
NORTH EAST,DELHI,,7,"81",47370.02950990000,34205904.85000000149,2,0,0
NORTH GOA,GOA,,30,"551",276203.30368399998,1711985445.77000021935,69,243167,3524.15942028986
NORTH TRIPURA,TRIPURA,,16,"270",316924.45215000003,1293406531.90000009537,53,159945,3017.83018867925
NORTH WEST,DELHI,,7,"82",93419.72727940000,149032948.34000000358,7,0,0
N@>PARHA,ODISHA,,21,"368",419771.81935800001,3711854913.36999988556,157,366129,2332.03184713376
PAKUR,JH>RKHAND,,20,"337",340590.07903000002,1731475167.26999998093,73,514670,7050.27397260274
P>LAKK>D,KERALA,,32,"563",552162.54997199995,4537723823.85000038147,180,959609,5331.16111111111
PALAMU,JH>RKHAND,,20,"338",463099.56472199998,4249289634.73999977112,178,710712,3992.76404494382
P>LI,R>JASTH>N,,8,"111",870020.43955699995,11919964090.80000114441,491,0,0
P>NCH MAH>LS,GUJAR>T,,24,"454",461032.23681600002,3158853194.36000013351,133,668599,5027.06015037594
PANNA,MADHYA PRADESH,,23,"420",884627.45493999997,6826021233.03999996185,285,1497735,5255.21052631579
WEST SINGHBHUM,JH>RKHAND,,20,"343",533810.61593800003,6950444307.64999961853,288,822359,2855.41319444444
PATTANAMTHITTA,KERALA,,32,"564",408012.02513400000,2716777604.46000003815,107,767969,7177.28037383178
PAURI GARHW>L,UTTAR>KHAND,,5,"52",414490.25445399998,5131341078.80000019073,212,0,0
P|L|BH|T,UTTAR PRADESH,,9,"173",596380.04646500002,3641734881.07000017166,151,1585,10.4966887417219
PRAKASAM,ANDHRA PRADESH,,28,"517",875362.02812599996,17294622747.00000000000,706,3707765,5251.79178470255
PRAT>PGARH,R>JASTH>N,,8,"629",449221.77997500001,4268096507.40000009537,181,699455,3864.39226519337
DISPUTED (MANDSAUR & JH>L>W>R),DISPUTED (MADHYA PRADESH & R>JASTH>N),,0,,13397.44972420000,3122206.59617999988,0.129895532337569,498.305691097281,3836.2034638905
PRATAPGARH,UTTAR PRADESH,,9,"174",526670.54426999995,3572749461.46999979019,146,418966,2869.6301369863
PUDUCHERRY,PUDUCHERRY,,34,"600",353092.64223000000,299707106.11400002241,17,139195,8187.94117647059
EAST SINGHBHUM,JH>RKHAND,,20,"327",422058.45082799997,3420455093.05000019073,140,275675,1969.10714285714
PURI,ODISHA,,21,"369",488488.40506800002,3354937698.23000001907,137,551339,4024.37226277372
RAIBEARELI,UTTAR PRADESH,,9,"175",502659.71795100003,3784149807.07999992371,157,88172,561.605095541401
R>ICH@R,KARN>TAKA,,29,"546",541023.34376900003,8269769313.36999893188,334,2418761,7241.79940119761
RAIGARH,CHHATT|SGARH,,22,"386",713130.61589899997,6781679873.31999969482,281,493576,1756.49822064057
RAIPUR,CHHATT|SGARH,,22,"387",291574.89942300000,2798755299.05999994278,118,947007,8025.48305084746
RAISEN,MADHYA PRADESH,,23,"421",787204.11497899995,8152214139.06999969482,342,2730116,7982.79532163743
R>J NANDGAON,CHHATT|SGARH,,22,"388",766223.94651299994,7780164358.46999931335,326,1417426,4347.93251533742
RAJGARH,MADHYA PRADESH,,23,"422",463591.49556299997,5929180665.41999912262,247,2078568,8415.25506072874
R>J SAMAND,R>JASTH>N,,8,"112",701612.53479199996,4452621909.52999973297,183,0,0
RAMGARH,JH>RKHAND,,20,"607",331867.36426300002,1339974221.28999996185,55,263888,4797.96363636364
R>MANAGARAM,KARN>TAKA,,29,"631",463142.65854400001,3508219073.21000051498,141,276315,1959.68085106383
R>MPUR,UTTAR PRADESH,,9,"176",405602.54969299998,2291226529.82000017166,94,48114,511.851063829787
RANCHI,JH>RKHAND,,20,"339",615497.77373300004,4794372182.93000030518,203,887777,4373.28571428571
RATLAM,MADHYA PRADESH,,23,"423",559323.23673700006,4668623536.01000022888,192,1348391,7022.86979166667
R>YAGARHA,ODISHA,,21,"370",790225.66347100004,7104622187.62999916077,295,1385862,4697.83728813559
REWA,MADHYA PRADESH,,23,"424",658363.87564700004,6055963203.36999988556,250,1330909,5323.636
RUDRAPRAY>G,UTTAR>KHAND,,5,"54",249893.93264300001,1936521456.09999966621,78,0,0
S>BAR K>NTHA,GUJAR>T,,24,"458",581212.59778099996,4079235142.51000022888,163,317298,1946.61349693252
SAGAR,MADHYA PRADESH,,23,"425",1022387.60782999999,9872214409.73999977112,406,2622021,6458.17980295566
SAH>RANPUR,UTTAR PRADESH,,9,"177",374467.83332600002,3612815417.71000003815,152,1668,10.9736842105263
SAHIBGANJ,JH>RKHAND,,20,"340",312017.89312000002,2101567038.42999982834,86,312175,3629.94186046512
SAIHA,MIZORAM,,15,"267",279456.27615900000,1472797725.22000002861,58,83549,1440.5
SAMBALPUR,ODISHA,,21,"371",647721.28919499996,6406160531.77000045776,266,1186883,4461.96616541353
SAMBHAL,UTTAR PRADESH,,9,"659",399084.15324900002,2348855076.11999988556,101,1377,13.6336633663366
SANTKABIRNAGAR,UTTAR PRADESH,,9,"178",392258.32543199998,1582121286.35999965668,64,20759,324.359375
SARAIKELA-KHARSAWAN,JH>RKHAND,,20,"341",364986.25641600002,2557734350.03999996185,108,294943,2730.9537037037
SATNA,MADHYA PRADESH,,23,"426",1018097.64876999997,7235778804.64999961853,306,1303378,4259.40522875817
SAW>I M>DHOPUR,R>JASTH>N,,8,"113",570117.24210000003,4839362637.72000026703,206,551702,2678.16504854369
SEHORE,MADHYA PRADESH,,23,"427",863302.64957899996,6317351567.76000022888,262,1551506,5921.7786259542
SEONI,MADHYA PRADESH,,23,"428",705550.06273899996,8430271480.59000015259,352,1612574,4581.17613636364
SEPAHIJALA,TRIPURA,,16,"653",261051.75802600000,1018378012.76999986172,42,80174,1908.90476190476
SHAHADRA,DELHI,,7,"671",33443.79661550001,33287844.24320000038,1.37561325594297,0,0
SHAHDOL,MADHYA PRADESH,,23,"429",603888.98636099999,5462047268.86999988556,227,242798,1069.59471365639
SH>HJAH>NPUR,UTTAR PRADESH,,9,"180",695415.33557100000,4169028949.40999984741,172,109682,637.686046511628
SH>J>PUR,MADHYA PRADESH,,23,"430",447265.16058299999,3329015915.92000007629,142,1326358,9340.54929577465
SH>MLI,UTTAR PRADESH,,9,"660",201783.64212300000,1226415733.76999998093,50,0,0
SHEOPUR,MADHYA PRADESH,,23,"431",548588.24476799998,6358711018.75000095367,270,860516,3187.0962962963
SHIMLA,HIM>CHAL PRADESH,,2,"23",551672.20255199994,5007028594.39999961853,205,0,0
SHIVAMOGGA,KARN>TAKA,,29,"547",746077.36306600005,8394388205.85000038147,341,1622696,4758.63929618768
SHIVPURI,MADHYA PRADESH,,23,"432",853079.68533300003,9894701466.27000045776,407,2263340,5561.03194103194
SHR>WASTI,UTTAR PRADESH,,9,"181",302869.70075800002,1864596528.91000008583,78,87228,1118.30769230769
SIDDHARTHNAGAR,UTTAR PRADESH,,9,"182",415859.37724700000,2793412094.75000000000,120,60738,506.15
SIDHI,MADHYA PRADESH,,23,"433",519227.09455099999,4591745506.26000022888,193,842277,4364.12953367876
S|KAR,R>JASTH>N,,8,"114",719407.44274800003,7462763686.14000034332,308,0,0
SIMDEGA,JH>RKHAND,,20,"342",402245.47269400000,3634647646.56999969482,150,398916,2659.44
SINGRAULI,MADHYA PRADESH,,23,"638",511442.16179899999,5543913865.64999961853,229,1023402,4469.00436681223
SIRMAUR,HIM>CHAL PRADESH,,2,"24",349597.16685899999,2755326032.86000013351,114,4041,35.4473684210526
SIROHI,R>JASTH>N,,8,"115",455078.63786399999,4939274829.01000022888,208,84631,406.879807692308
S|T>PUR,UTTAR PRADESH,,9,"183",540535.80795799999,5539949266.85000038147,233,0,0
SOLAN,HIM>CHAL PRADESH,,2,"25",322063.13591600000,1889942391.94000005722,74,0,0
SONBHADRA,UTTAR PRADESH,,9,"184",572494.99088099995,6621089502.61999988556,280,1288846,4603.02142857143
SOUTH,DELHI,,7,"83",69956.04237000000,154141201.45100000501,5,0,0
SOUTH,SIKKIM,,11,"227",160104.58771200001,706652227.48599994183,28,0,0
SOUTH ANDAMAN,ANDAMAN & NICOBAR,,35,"602",1785415.55064000003,2546504280.90999984741,100,0,0
SOUTH G>RO HILLS,MEGH>LAYA,,17,"277",286551.38231000002,1765025387.45000004768,73,402737,5516.94520547945
SOUTH GOA,GOA,,30,"552",327335.00931699999,1922050729.18999981880,79,293137,3710.59493670886
SOUTH TRIPURA,TRIPURA,,16,"271",340006.20764199999,1405518823.23000001907,58,110405,1903.53448275862
SOUTH WEST,DELHI,,7,"84",111613.64782400000,274177794.74400001764,9,0,0
SRIKAKULAM,ANDHRA PRADESH,,28,"519",691140.07522700005,5663014977.94999980927,233,1189414,5104.78111587983
SUBARNAPUR,ODISHA,,21,"372",339504.54678300000,2277766431.05000019073,93,541275,5820.16129032258
SUKMA,CHHATT|SGARH,,22,"642",629317.53168300004,5319456684.28999996185,221,600586,2717.58371040724
SULTANPUR,UTTAR PRADESH,,9,"185",461970.43751500000,2575456889.09000015259,108,256028,2370.62962962963
SUNDARGARH,ODISHA,,21,"373",809479.77238300000,9359929189.09000015259,388,988534,2547.76804123711
S@RAJPUR,CHHATT|SGARH,,22,"648",585291.43373000005,5245401635.61999988556,220,260205,1182.75
SURGUJA,CHHATT|SGARH,,22,"389",441465.84858500003,3852662852.28000020981,158,76202,482.291139240506
T>PI,GUJAR>T,,24,"641",582009.38789999997,3026218034.19999980927,130,764807,5883.13076923077
TEHRI GARHW>L,UTTAR>KHAND,,5,"55",546162.69105300005,3806994202.47999954224,158,4614,29.2025316455696
THIRUVANANTHAPURAM,KERALA,,32,"565",284814.50549600000,2260982434.44999980927,88,304541,3460.69318181818
TRISS@R,KERALA,,32,"566",401612.68388800003,3066580320.34999942780,121,668303,5523.1652892562
TIKAMGARH,MADHYA PRADESH,,23,"434",422276.71726200002,3580441830.41000032425,151,567491,3758.21854304636
TONK,R>JASTH>N,,8,"116",686222.90697200003,6929674533.08999919891,288,43441,150.836805555556
TUMAK@RU,KARN>TAKA,,29,"548",1078480.23784999992,10527504922.89999961853,429,1715891,3999.74592074592
UDAIPUR,R>JASTH>N,,8,"117",876517.42094300000,11261554675.70000076294,468,65653,140.284188034188
UDHAM SINGH NAGAR,UTTAR>KHAND,,5,"56",568974.77209300001,2587998006.05999994278,104,0,0
UDUPI,KARN>TAKA,,29,"549",374693.26696600002,3558589452.55999994278,147,217103,1476.89115646259
UJJAIN,MADHYA PRADESH,,23,"435",723405.04657500004,5867143638.21000003815,242,2201265,9096.13636363636
UMARIA,MADHYA PRADESH,,23,"436",466708.65887799999,4402124147.07999992371,183,519755,2840.1912568306
UNA,HIM>CHAL PRADESH,,2,"26",248758.59424199999,1509874680.54000020027,62,0,0
UNNAO,UTTAR PRADESH,,9,"186",535830.60533299996,4401976319.38000011444,183,10226,55.879781420765
UNOKOTI,TRIPURA,,16,"655",185617.93028299999,662746054.24899995327,26,114567,4406.42307692308
UTTARA  KANNADA,KARN>TAKA,,29,"550",787314.51594299998,10132884012.39999961853,414,2107810,5091.32850241546
VADODARA,GUJAR>T,,24,"461",489551.72742399998,3938734370.42000007629,169,936316,5540.33136094675
VARANASI,UTTAR PRADESH,,9,"187",293845.54954799998,1474823560.96000003815,62,143586,2315.90322580645
VIDISHA,MADHYA PRADESH,,23,"437",682297.63140399999,7022138501.28999996185,293,2364657,8070.50170648464
VIJAY>PURA,KARN>TAKA,,29,"530",691684.99280500005,10248125367.79999923706,417,2526030,6057.62589928058
VISAKHAPATNAM,ANDHRA PRADESH,,28,"520",977103.62321800005,11257537814.70000076294,462,2509516,5431.85281385281
VIZIANAGARAM,ANDHRA PRADESH,,28,"521",826083.79525400000,5964663298.63999938965,250,1509861,6039.444
WAYANAD,KERALA,,32,"567",284707.68680000002,2142431632.15000009537,85,532519,6264.92941176471
WEST,SIKKIM,,11,"228",184178.68424199999,1159130197.07999992371,50,0,0
WEST,DELHI,,7,"85",73954.33820150000,127209041.66100001335,6,0,0
WEST G>RO HILLS,MEGH>LAYA,,17,"278",363414.27007799997,2559181396.59999990463,108,943453,8735.67592592593
WEST GODAVARI,ANDHRA PRADESH,,28,"523",622619.44613499998,8121097747.97000026703,330,1810107,5485.17272727273
WEST KH>SI HILLS,MEGH>LAYA,,17,"279",414577.57669500000,3772646067.01000022888,160,991511,6196.94375
WEST NIMAR,MADHYA PRADESH,,23,"414",675714.32309700001,7727280873.23999977112,325,2396037,7372.42153846154
WEST TRIPURA,TRIPURA,,16,"272",191097.68354900001,906730685.69500005245,38,55110,1450.26315789474
Y>DG|R,KARN>TAKA,,29,"635",544018.62208600005,5153341023.22999954224,210,1244538,5926.37142857143
Y>NAM,PUDUCHERRY,,34,"601",38726.24405690001,36932146.25429999828,1.51252288560036,7479.2840986396,4944.90640098374
BAUDH (BAUDA),ODISHA,,21,"349",404642.33912100003,2992913213.52999973297,123,224401,1824.39837398374
LAWNGTLAI,MIZORAM,,15,"264",511194.19848899997,2333885140.32999992371,98,381932,3897.26530612245
SERCHH|P,MIZORAM,,15,"268",315614.09600299998,1389741564.04999995232,59,281074,4763.96610169491
KOLASIB,MIZORAM,,15,"263",275719.08113100001,1433545992.07999992371,60,308089,5134.81666666667
M>MIT,MIZORAM,,15,"266",420838.46799099998,2948742118.94000005722,123,554789,4510.47967479675
LUNGLEI,MIZORAM,,15,"265",483877.32410400000,4363220084.77000045776,181,1018937,5629.4861878453
M|RPUR,JAMMU AND KASHM|R,,1,,438559.90553799999,3578908207.58999967575,146,0,0
MUZAFFAR>B>D,JAMMU AND KASHM|R,,1,,594020.74539599998,4782216829.89000034332,191,0,0
P@NCH,JAMMU AND KASHM|R,,1,"10",404743.70314000000,4207362940.53999996185,169,0,0
ANANTN>G,JAMMU AND KASHM|R,,1,"1",357458.94899300003,2704591646.40000009537,108,0,0
B>RAM@LA,JAMMU AND KASHM|R,,1,"3",274658.94404300000,2049073981.73000001907,86,0,0
KATHUA,JAMMU AND KASHM|R,,1,"7",312247.41107300000,2461252983.38999986649,101,0,0
UDHAMPUR,JAMMU AND KASHM|R,,1,"14",288814.28985800000,2248373625.73999977112,94,0,0
PRAYAGRAJ,UTTAR PRADESH,,9,"120",578851.53311500000,5265361023.01000022888,221,590739,2673.02714932127
RI-BHOI,MEGH>LAYA,,17,"276",404635.82600200002,2282352415.65000009537,93,807295,8680.59139784946
SOUTH EAST,DELHI,,7,"670",59431.10730960000,98130518.80679999292,5,0,0
SOUTH WEST KH>SI HILLS,MEGH>LAYA,,17,"658",248011.35333000001,1256652986.00000000000,53,203767,3844.66037735849
SOUTH WEST G>RO HILLS,MEGH>LAYA,,17,"663",145899.01570200000,805376078.21399998665,34,195771,5757.97058823529
NORTH G>RO HILLS,MEGH>LAYA,,17,"656",282971.27283899998,1201174095.44000005722,47,334624,7119.65957446809
WEST JAINTIA HILLS,MEGH>LAYA,,17,"275",299814.13244199997,1730292078.36999964714,71,429976,6056
>|ZAWL,MIZORAM,,15,"261",553757.08717600000,3063622842.13000011444,124,193639,1561.60483870968
BADG>M,JAMMU AND KASHM|R,,1,"2",197128.41684600001,1239938272.34999990463,50,0,0
BANDIPURA,JAMMU AND KASHM|R,,1,"623",420303.21877899999,4029129267.64000034332,159,0,0
GANDERBAL,JAMMU AND KASHM|R,,1,"626",331742.08416099998,1610758400.71000003815,65,0,0
KULG>M,JAMMU AND KASHM|R,,1,"622",254099.48944599999,1252588614.11999988556,52,0,0
KUPWARA,JAMMU AND KASHM|R,,1,"8",285264.23671500001,2733098874.92999982834,111,0,0
PULWAMA,JAMMU AND KASHM|R,,1,"11",187781.08123600000,889648679.84299993515,36,0,0
R>JAURI,JAMMU AND KASHM|R,,1,"12",308772.18362999998,2604695183.01999998093,109,0,0
R>MBAN,JAMMU AND KASHM|R,,1,"621",166556.49602399999,1273536713.13000011444,52,0,0
RI>SI,JAMMU AND KASHM|R,,1,"627",328241.98691899999,1909557766.34999990463,73,0,0
SHUP|YAN,JAMMU AND KASHM|R,,1,"625",163208.51749599999,501083824.27799999714,21,0,0
SR|NAGAR,JAMMU AND KASHM|R,,1,"13",166004.84483799999,279773782.48799997568,12,0,0
LEH,LAD>KH,,37,"9",3197189.87153000012,153926719386.00000000000,6158,0,0
KARGIL,LAD>KH,,37,"6",899717.09777100000,14084689859.00000000000,568,0,0
KISHTW>R,JAMMU AND KASHM|R,,1,"620",569459.85481199995,8089004992.72999858856,328,0,0
DODA,JAMMU AND KASHM|R,,1,"4",292256.66154100001,2377508546.92000007629,94,0,0
S>MBA,JAMMU AND KASHM|R,,1,"624",194152.89096100000,913378106.56299996376,39,0,0
IMPHAL EAST,MANIPUR,Not Verified on Ground,14,"255",179407.79600100001,416259005.40700000525,16,141128,8820.5
JIRIBAM,MANIPUR,Not Verified on Ground,14,"713",135285.96350099999,283570156.56099998951,12,0,0
NIV>RI,MADHYA PRADESH,,23,"722",478725.88532000000,1271951993.15000009537,46,167668,3644.95652173913
AMRELI,GUJAR>T,,24,"439",726140.54998200003,7047102977.39999961853,293,2098237,7161.21843003413
DIU,D>DRA & NAGAR HAVELI & DAM>N & DIU,,38,"464",46434.42754230000,37496719.18680000305,1.55499673987909,778.431038706441,500.599788245837
PORBANDAR,GUJAR>T,,24,"456",407904.14511300001,2228573987.05000019073,92,269091,2924.90217391304
R>JKOT,GUJAR>T,,24,"457",957842.84052600001,7401928856.42000102997,310,2599798,8386.44516129032
SURENDRANAGAR,GUJAR>T,,24,"460",980953.51886399998,8825915621.61000061035,372,2091518,5622.36021505376
BOT>D,GUJAR>T,,24,"676",377376.50241999998,2386757362.44999980927,101,665796,6592.0396039604
KHEDA,GUJAR>T,,24,"450",474374.14720399998,3310716481.09999990463,139,8505,61.1870503597122
MAHES>NA,GUJAR>T,,24,"451",610891.06559599994,4248515166.65000057220,180,0,0
G>NDH|NAGAR,GUJAR>T,,24,"446",427525.49850400002,2021995152.24999976158,84,0,0
P>TAN,GUJAR>T,,24,"455",734808.49880499998,5562451842.32999992371,229,618217,2699.63755458515
ADILABAD,TELANG>NA,,36,"501",379140.27853700001,3865768521.55999994278,161,1193700,7414.28571428571
AHAMADNAGAR,MAH>R>SHTRA,,27,"466",1367396.16825999995,16550797348.60000038147,681,4122380,6053.42143906021
AKOLA,MAH>R>SHTRA,,27,"467",611947.20051100000,5247082318.10999965668,221,1701167,7697.58823529412
>L|PUR DU>R,WEST BENGAL,,19,"664",347786.12503800000,2696242300.26000022888,113,0,0
AMAR>VATI,MAH>R>SHTRA,,27,"468",932435.49997999996,11762389091.89999961853,482,2999669,6223.37966804979
AMB>LA,HARY>NA,,6,"58",379482.60359100002,1473787664.59999990463,64,0,0
AMRITSAR,PUNJAB,,3,"27",380102.55344200000,2623105715.40999984741,106,39631,373.877358490566
>NJ>W,ARUN>CHAL PRADESH,,12,"628",389633.47561800003,5812749719.15999984741,238,235124,987.915966386555
AR>RIA,BIH>R,,10,"188",397908.32119799999,2686772169.96000003815,111,0,0
ARWAL,BIH>R,,10,"611",189576.96761900000,613477203.87000000477,23,144671,6290.04347826087
AURANG>B>D,BIH>R,,10,"189",373783.57634600002,3179298175.38000011444,131,896890,6846.48854961832
AURANG>B>D,MAH>R>SHTRA,,27,"469",863383.81877300004,9778296575.98999977112,402,2287377,5689.99253731343
B>NKA,BIH>R,,10,"190",343662.22208699997,2909647845.78999996185,120,377353,3144.60833333333
B>NKURA,WEST BENGAL,,19,"305",501616.44086300000,6621369303.62999916077,277,555647,2005.94584837545
PURBA BARDDHAM>N,WEST BENGAL,Not Verified on Ground,19,"306",590233.47112700006,5009744684.64999961853,206,1438353,6982.29611650485
BARN>LA,PUNJAB,,3,"605",246764.00636500001,1386792906.82999992371,58,0,0
BATHINDA,PUNJAB,,3,"28",423493.07555200002,3286728684.71000003815,134,83636,624.149253731343
BEGUSAR>I,BIH>R,,10,"191",364147.27420699998,1850111712.50000000000,79,46925,593.987341772152
KAIMUR,BIH>R,,10,"200",384239.49537500000,3240662368.19000005722,139,666315,4793.63309352518
BH>GALPUR,BIH>R,,10,"192",385555.72783699998,2459213522.55000019073,99,84771,856.272727272727
BHAND>RA,MAH>R>SHTRA,,27,"471",500711.94243499998,3987875957.97999954224,166,845569,5093.78915662651
BHIW>NI,HARY>NA,,6,"59",386681.01802900003,3186628724.21000003815,132,0,0
BHOJPUR,BIH>R,,10,"193",288088.09021900001,2299138052.21999979019,94,254343,2705.77659574468
B|D,MAH>R>SHTRA,,27,"470",931334.13518999994,10276572845.50000000000,430,2588447,6019.64418604651
B|RBH@M,WEST BENGAL,,19,"307",664801.03975800006,4374275414.59000015259,179,1221243,6822.58659217877
BULDH>NA,MAH>R>SHTRA,,27,"472",748817.14751499996,9401299790.44000053406,387,2229190,5760.18087855297
BUXAR,BIH>R,,10,"194",287685.79189900000,1636235724.34999990463,71,198007,2788.83098591549
CHAMOLI,UTTAR>KHAND,,5,"47",522183.06716600002,7618644992.75000095367,310,0,0
CHANDRAPUR,MAH>R>SHTRA,,27,"473",678345.45665299997,10976002007.10000038147,455,2660289,5846.78901098901
CH>NGL>NG,ARUN>CHAL PRADESH,,12,"229",585539.15823599999,4774119298.39000034332,197,403895,2050.22842639594
DAKSHIN DIN>JPUR,WEST BENGAL,,19,"310",409019.23303599999,2149572477.01999998093,85,4890,57.5294117647059
DARBHANGA,BIH>R,,10,"195",475578.74386900000,2423611347.50000000000,101,57002,564.376237623762
D>RJILING,WEST BENGAL,,19,"309",341642.31991100003,1976394918.07999992371,80,15410,192.625
DHULE,MAH>R>SHTRA,,27,"474",615312.93389200000,6928963480.86000061035,283,1735883,6133.86219081272
DIB>NG VALLEY,ARUN>CHAL PRADESH,,12,"230",585432.56627600000,9275386882.01000022888,385,256826,667.080519480519
PAREN,N>G>LAND,,13,"613",291328.07347800001,1758397406.13000011444,78,312745,4009.55128205128
EAST KAMENG,ARUN>CHAL PRADESH,,12,"231",393940.01619200001,4257152032.24000024796,177,362084,2045.67231638418
PURBA MEDIN|PUR,WEST BENGAL,,19,"317",399699.23537600000,3809310320.48999977112,158,1118289,7077.77848101266
FAR|D>B>D,HARY>NA,,6,"60",151373.00089800000,718856360.79700005054,30,0,0
FAR|DKOT,PUNJAB,,3,"29",232052.26959300000,1423775135.23000001907,58,23229,400.5
FATEH>B>D,HARY>NA,,6,"61",325531.83446200000,2453477038.90999984741,99,0,0
FATEHGARH S>HIB,PUNJAB,,3,"30",244335.23536399999,1122052750.53999996185,46,83190,1808.47826086957
F>ZILKA,PUNJAB,,3,"651",365353.75426700001,2798830588.69000005722,118,0,0
F|ROZPUR,PUNJAB,,3,"31",385056.48312100000,2314053247.57000017166,91,0,0
GADCHIROLI,MAH>R>SHTRA,,27,"475",920122.85880699998,14017683711.00000000000,582,1395430,2397.64604810997
GAYA,BIH>R,,10,"196",620896.44515199994,4777635300.78999996185,199,1294123,6503.13065326633
GONDIA,MAH>R>SHTRA,,27,"476",527555.69096399995,4995326134.93000030518,209,1206103,5770.82775119617
GOP>LGANJ,BIH>R,,10,"197",347790.47249299998,1961517112.42000007629,83,62027,747.313253012048
GURD>SPUR,PUNJAB,,3,"32",329343.61522500002,2552622899.17999982834,105,0,0
GURUGR>M,HARY>NA,,6,"62",248625.67677300001,1209068040.60999989510,51,928,18.1960784313725
H>ORA,WEST BENGAL,,19,"313",256027.65842399999,1412767027.83999991417,58,164426,2834.93103448276
HINGOLI,MAH>R>SHTRA,,27,"477",498581.11143599998,4555533347.48999977112,188,1371424,7294.8085106383
HIS>R,HARY>NA,,6,"63",419949.44063700002,3950342805.32000064850,164,0,0
HOSHI>RPUR,PUNJAB,,3,"33",432605.84803599998,3311392436.65000057220,133,77575,583.270676691729
HUGLI,WEST BENGAL,,19,"312",505309.74394600000,3032496221.34000015259,129,793462,6150.86821705426
HYDERABAD,TELANG>NA,,36,"507",97488.84848460001,186457186.38600000739,8,2958,369.75
JAH>NAB>D,BIH>R,,10,"199",224922.65849900001,901901119.09300005436,37,269851,7293.27027027027
JALANDHAR,PUNJAB,,3,"34",455724.59793100000,2578783505.38000011444,104,0,0
JALGAON,MAH>R>SHTRA,,27,"478",824987.50140299997,11369781385.29999923706,471,2842988,6036.06794055202
J>LNA,MAH>R>SHTRA,,27,"479",700656.75919200003,7419966772.87999916077,311,1677104,5392.61736334405
JALP>IGURI,WEST BENGAL,,19,"314",457613.01013399998,3305834749.07999944687,138,0,0
JAM@I,BIH>R,,10,"198",405324.44672000001,2982271479.05000019073,127,623505,4909.48818897638
JHAJJAR,HARY>NA,,6,"64",309139.08757999999,1798823691.95000004768,78,0,0
J|ND,HARY>NA,,6,"65",405414.55519099999,2649068440.13999986649,110,327,2.97272727272727
KAITHAL,HARY>NA,,6,"66",361977.80249300000,2209712057.94000005722,93,41163,442.612903225806
KAP@RTHALA,PUNJAB,,3,"35",437645.66748900001,1595462047.00000000000,68,21805,320.661764705882
KARIMNAGAR,TELANG>NA,,36,"508",299187.55706500000,1944842231.25999999046,78,247325,3170.83333333333
KARN>L,HARY>NA,,6,"67",349782.07734199998,2405776731.96999979019,96,0,0
KATIH>R,BIH>R,,10,"201",478940.31666600000,2928810938.65999984741,123,0,0
KHAGARIA,BIH>R,,10,"202",296638.07054400002,1435972672.35999989510,56,0,0
BHADRADRI KOTHAGUDEM,TELANG>NA,,36,"690",620536.30503199995,6719987898.75000000000,273,765151,2802.75091575092
KINNAUR,HIM>CHAL PRADESH,,2,"19",495434.81198100001,6364783590.95000076294,258,0,0
UKHRUL,MANIPUR,Not Verified on Ground,14,"260",269579.39647500002,2011470670.77999973297,83,386946,4662
PHEK,N>G>LAND,,13,"248",289810.11156300001,1801582664.52000021935,74,188747,2550.63513513513
KISHANGANJ,BIH>R,,10,"203",397841.35558199999,1857761059.02000021935,77,48929,635.441558441558
KOCH BIH>R,WEST BENGAL,,19,"308",841654.03021100000,3247437102.73999977112,132,87606,663.681818181818
KOLH>PUR,MAH>R>SHTRA,,27,"480",945182.45642299997,7506208619.80000019073,304,609025,2003.37171052632
KOLK>TA,WEST BENGAL,,19,"315",96223.51866360000,178361733.72699999809,6,0,0
KURUKSHETRA,HARY>NA,,6,"68",263847.59519399999,1629906619.71000003815,64,655,10.234375
KURUNG KUMEY,ARUN>CHAL PRADESH,,12,"233",350111.36437299999,4293936005.40999984741,175,838298,4790.27428571429
L>HUL & SPITI,HIM>CHAL PRADESH,,2,"21",925110.63325800002,13723849956.00000000000,562,0,0
LAKH|SAR>I,BIH>R,,10,"204",227780.12427199999,1174137501.55999994278,47,116881,2486.82978723404
L>T@R,MAH>R>SHTRA,,27,"481",549557.84813800000,6991881390.97999954224,285,976299,3425.61052631579
LOHIT,ARUN>CHAL PRADESH,,12,"234",380960.13075999997,2950775016.21000003815,124,163803,1320.99193548387
LOWER DIB>NG VALLEY,ARUN>CHAL PRADESH,,12,"235",406120.97715699999,3423274244.53999996185,142,139389,981.612676056338
LUDHI>NA,PUNJAB,,3,"36",398856.01997000002,3599128291.44000053406,148,17006,114.905405405405
MADHEPURA,BIH>R,,10,"205",348104.04725399998,1739730361.65000009537,74,0,0
MADHUBANI,BIH>R,,10,"206",479370.37418099999,3372295594.54000043869,143,1045,7.30769230769231
MAHABUBNAGAR,TELANG>NA,,36,"512",430286.90713700000,2736448853.40000009537,110,480926,4372.05454545455
MAHARAJGANJ,UTTAR PRADESH,,9,"164",404449.08306600002,2839810871.63999986649,117,203834,1742.17094017094
MAHENDRAGARH,HARY>NA,,6,"69",396168.04348400002,1869906630.48000001907,74,0,0
M>LDAH,WEST BENGAL,,19,"316",483310.58824999997,3452047666.05000066757,143,135323,946.314685314685
M>NSA,PUNJAB,,3,"37",345168.46661100001,2110335727.31999969482,85,238,2.8
SIDDIPET,TELANG>NA,,36,"692",405896.36558200000,3601690110.63999938965,145,430634,2969.88965517241
MEW>T,HARY>NA,,6,"604",337936.48281299998,1463782591.41000008583,60,53849,897.483333333333
MOGA,PUNJAB,,3,"38",305850.12339500000,2194885167.26999998093,92,0,0
WOKHA,N>G>LAND,,13,"250",255022.83165400001,1548103979.91000008583,66,135339,2050.59090909091
SRI MUKTSAR S>HIB,PUNJAB,,3,"39",353904.86416300002,2570525722.42999982834,106,0,0
MUMBAI CITY,MAH>R>SHTRA,,27,"482",61422.97777950000,62033859.23340000212,2.56156396724948,222.81958930083,86.9857603205146
MUNGER,BIH>R,,10,"207",268751.40835099999,1357713390.55999994278,56,121709,2173.375
MURSHID>B>D,WEST BENGAL,,19,"319",588272.80735500006,5141584760.21000003815,213,1052913,4943.25352112676
MUZAFFARPUR,BIH>R,,10,"208",427403.51451200002,3060657836.90999937057,126,58221,462.071428571429
NADIA,WEST BENGAL,,19,"320",684999.08419900003,3746173399.92999982834,158,409561,2592.1582278481
N>GPUR,MAH>R>SHTRA,,27,"484",650985.89803699998,9538672320.57999992371,397,2563112,6456.20151133501
N>LANDA,BIH>R,,10,"209",407293.66629999998,2278188021.63999986649,94,526515,5601.22340425532
NALGONDA,TELANG>NA,,36,"514",470569.74056700000,7030889222.38000011444,285,946647,3321.56842105263
N>NDED,MAH>R>SHTRA,,27,"485",1053017.43072999991,10199321660.60000038147,424,3140654,7407.20283018868
NANDURB>R,MAH>R>SHTRA,,27,"486",723808.46522899996,5736401138.56000041962,235,1054888,4488.88510638298
N>SHIK,MAH>R>SHTRA,,27,"487",897467.63809799997,14979851771.60000038147,621,2022812,3257.346215781
NAW>DA,BIH>R,,10,"210",381420.36069100001,2396138340.44999980927,99,575793,5816.09090909091
SHAH|D BHAGAT SINGH NAGAR,PUNJAB,,3,"40",263509.14154899999,1234296266.51999998093,50,32743,654.86
NIZAMABAD,TELANG>NA,,36,"516",346070.28886799997,4082862634.67000007629,169,390918,2313.12426035503
NORTH TWENTY-FOUR PARGANAS,WEST BENGAL,,19,"303",591635.65516099997,3852227699.30000019073,159,243600,1532.07547169811
USM>N>B>D,MAH>R>SHTRA,,27,"488",812462.78099200001,7358562067.18999958038,302,1451331,4805.73178807947
P>LGHAR,MAH>R>SHTRA,,27,"665",473314.44491299998,5094568810.93999958038,212,264425,1247.28773584906
PALWAL,HARY>NA,,6,"619",236392.76834600000,1313937684.51999998093,55,71810,1305.63636363636
PANCHKULA,HARY>NA,,6,"70",220844.25383400000,858678376.09199988842,36,0,0
P>N|PAT,HARY>NA,,6,"71",205738.44896099999,1263800771.46000003815,52,0,0
PAPUMPARE,ARUN>CHAL PRADESH,,12,"237",429256.81612500001,3324532414.55999994278,138,355310,2574.71014492754
PARBHANI,MAH>R>SHTRA,,27,"489",595317.48248999997,6105206721.98999977112,255,1873776,7348.14117647059
PASHCHIMI CHAMP>RAN,BIH>R,,10,"211",489853.43231900001,5042948136.82999992371,208,0,0
PASCHIM MEDIN|PUR,WEST BENGAL,,19,"318",556149.94249399996,6037537639.81000041962,253,909710,3595.69169960474
PATH>NKOT,PUNJAB,,3,"662",246908.58751899999,933021429.61000001431,40,0,0
PATI>LA,PUNJAB,,3,"41",638392.49482899997,3227294801.32000017166,134,211139,1575.66417910448
PATNA,BIH>R,,10,"212",567476.30423100002,3073915633.23999977112,129,629794,4882.12403100775
PITHOR>GARH,UTTAR>KHAND,,5,"53",596635.24759499996,7034591198.60999870300,288,0,0
PUNE,MAH>R>SHTRA,,27,"490",1021913.71843999997,15181792460.79999923706,621,2995583,4823.80515297907
P@RBI CHAMP>RAN,BIH>R,,10,"213",479736.56260599999,3827052231.13999986649,159,44287,278.534591194969
P@RNIA,BIH>R,,10,"214",463494.15455400001,3108045538.36999988556,131,0,0
PURULIYA,WEST BENGAL,,19,"321",584001.42604299996,6016746178.15000057220,247,546510,2212.59109311741
R>YGAD,MAH>R>SHTRA,,27,"491",712807.60428199999,6772380900.45999908447,278,517254,1860.62589928058
RANGAREDDY,TELANG>NA,,36,"518",537924.59789600002,4872059069.51000022888,202,1298099,6426.23267326733
RATN>GIRI,MAH>R>SHTRA,,27,"492",733803.82123700005,8081757310.55000019073,330,270606,820.018181818182
REW>RI,HARY>NA,,6,"72",287206.33533500001,1501531415.54999995232,66,5823,88.2272727272727
ROHTAK,HARY>NA,,6,"73",245463.49573200001,1616224665.16999983788,68,0,0
ROHT>S,BIH>R,,10,"215",408552.31269400002,3699484570.92999982834,151,806999,5344.3642384106
R@PNAGAR,PUNJAB,,3,"42",332146.98984300002,1342569809.52999997139,56,121,2.16071428571429
SAHARSA,BIH>R,,10,"216",307404.10225699999,1605644052.47000026703,68,0,0
SAMAST|PUR,BIH>R,,10,"217",463099.31530299998,2573275110.80000019073,109,98536,904
S>NGLI,MAH>R>SHTRA,,27,"493",947268.37584600004,8391930255.02000045776,354,1770830,5002.34463276836
SANGR@R,PUNJAB,,3,"43",516708.80469199998,3510599164.30000019073,141,3429,24.3191489361702
S>RAN,BIH>R,,10,"218",322369.31716500001,2542123199.51999998093,106,71446,674.018867924528
SAS NAGAR (SAH|BZ>DA AJ|T SINGH NAGAR),PUNJAB,,3,"608",315615.19610900001,1065348207.45000004768,43,2003,46.5813953488372
S>T>RA,MAH>R>SHTRA,,27,"494",725488.71266099997,10194658859.10000038147,414,998979,2412.99275362319
SEN>PATI,MANIPUR,,14,"257",240669.07636100001,1683367286.11999964714,70,197919,2827.41428571429
SHEIKHPURA,BIH>R,,10,"219",225076.13792199999,652669229.11899995804,29,215234,7421.86206896552
SHEOHAR,BIH>R,,10,"220",172353.88033799999,428234734.13300001621,17,520,30.5882352941176
SINDHUDURG,MAH>R>SHTRA,,27,"495",607457.84160499997,5000891034.15999984741,204,167735,822.230392156863
SIRSA,HARY>NA,,6,"74",426814.01878099999,4147871217.32000017166,174,39090,224.655172413793
S|T>MARHI,BIH>R,,10,"221",381932.31921799999,2109556706.20000004768,85,234947,2764.08235294118
SIW>N,BIH>R,,10,"222",311945.38538400002,2137754677.17000007629,89,44847,503.898876404494
SOL>PUR,MAH>R>SHTRA,,27,"496",1286705.84715999989,14450282152.00000000000,603,3843752,6374.38142620232
SON|PAT,HARY>NA,,6,"75",280154.81635899999,2112606012.03999996185,86,0,0
SOUTH TWENTY-FOUR PARGANAS,WEST BENGAL,,19,"304",1696638.53141999990,7380975871.01000022888,305,169503,555.747540983607
SUB URBAN MUMBAI,MAH>R>SHTRA,,27,"483",118690.85565300001,418051976.49900001287,17,34580,2034.11764705882
SUPAUL,BIH>R,,10,"223",373518.12911799998,2331739304.96000003815,92,0,0
TAMENGLONG,MANIPUR,,14,"258",377796.10522899998,2901830877.07999992371,119,457654,3845.83193277311
TARN T>RAN,PUNJAB,,3,"609",314763.38614000002,2361087613.76000022888,97,38684,398.80412371134
TAWANG,ARUN>CHAL PRADESH,,12,"238",311006.71283500001,2371676838.21999979019,97,0,0
TH>NE,MAH>R>SHTRA,,27,"497",438859.05902599997,4136100179.65999984741,172,171107,994.808139534884
THOUB>L,MANIPUR,,14,"259",130368.88396700000,378152455.38400000334,15,115746,7716.4
TIR>P,ARUN>CHAL PRADESH,,12,"239",184942.10308000000,1132502137.45000004768,48,143763,2995.0625
K>MJONG,MANIPUR,,14,"717",238791.20768699999,2291046228.11999988556,94,315098,3352.10638297872
UPPER SIANG,ARUN>CHAL PRADESH,,12,"240",478881.59121200000,6489805076.93999958038,265,967505,3650.96226415094
UPPER SUBANSIRI,ARUN>CHAL PRADESH,,12,"241",476128.57510199997,6268085490.82999992371,258,753229,2919.49224806202
UTTAR DIN>JPUR,WEST BENGAL,,19,"311",744493.17900200002,3018031067.05999994278,126,72047,571.801587301587
UTTARK>SHI,UTTAR>KHAND,,5,"57",669211.27814299997,7791379716.94999980927,323,0,0
VAISH>LI,BIH>R,,10,"224",264300.27730600000,1961030614.85999989510,81,159648,1970.96296296296
MULUGU,TELANG>NA,,36,"720",382336.82552600000,4164777330.67000007629,170,491876,2893.38823529412
WARDHA,MAH>R>SHTRA,,27,"498",494888.00371000002,6083172728.76000118256,252,1722526,6835.42063492064
W>SH|M,MAH>R>SHTRA,,27,"499",600302.44519999996,4955811384.28999996185,207,1902177,9189.26086956522
WEST KAMENG,ARUN>CHAL PRADESH,,12,"242",378357.64760500001,4742700076.47000026703,202,173580,859.306930693069
LOWER SIANG,ARUN>CHAL PRADESH,Not Verified on Ground,12,"719",297474.74506900000,1751262989.52999997139,73,20125,275.684931506849
YAMUN>NAGAR,HARY>NA,,6,"76",274920.56299599999,1674414309.22999978065,70,22129,316.128571428571
YAVATM>L,MAH>R>SHTRA,,27,"500",928990.41298300005,13121639303.70000076294,546,3967400,7266.30036630037
DIMAPUR,N>G>LAND,,13,"244",260538.99712000001,734104449.27999997139,29,74256,2560.55172413793
KOHIMA,N>G>LAND,,13,"245",220033.10914600000,1264748302.39000010490,52,149587,2876.67307692308
KIPHIRE,N>G>LAND,,13,"614",191252.72741200001,1087316396.07999992371,46,228215,4961.19565217391
ZUNHEBOTO,N>G>LAND,,13,"251",299587.30264000001,1516332115.80999994278,64,223634,3494.28125
MOKOKCHUNG,N>G>LAND,,13,"246",306785.57919800002,1545211286.71000003815,65,130267,2004.10769230769
MON,N>G>LAND,,13,"247",297229.42662500002,2097915195.03000020981,87,604181,6944.6091954023
TUENSANG,N>G>LAND,,13,"249",275601.53175700002,2053524533.16000032425,82,349867,4266.67073170732
JAMMU,JAMMU AND KASHM|R,,1,"5",379215.13332700002,2375423523.40999984741,90,0,0
LOWER SUBANSIRI,ARUN>CHAL PRADESH,,12,"236",265052.78362200002,1875008315.30999994278,79,480244,6079.03797468354
LONGLENG,N>G>LAND,,13,"615",186647.28306900000,564216056.71800005436,23,65582,2851.39130434783
NONEI,MANIPUR,Not Verified on Ground,14,"714",208746.50124499999,1133651775.59999990463,46,21576,469.04347826087
PHERZAWL,MANIPUR,Not Verified on Ground,14,"715",276653.03063100000,2062707915.89000010490,86,84482,982.348837209302
TENGNOUP>L,MANIPUR,Not Verified on Ground,14,"716",180746.75957600001,1182785073.35999989510,51,277412,5439.45098039216
K>NGPOKPI,MANIPUR,Not Verified on Ground,14,"712",509252.09187900001,1665864941.94000005722,72,278315,3865.48611111111
KAKCHING,MANIPUR,Not Verified on Ground,14,"711",116224.39702200000,307735976.30500000715,14,88532,6323.71428571429
CHARKHI D>DRI,HARY>NA,,6,"701",259526.53805300000,1338808894.22000002861,54,7357,136.240740740741
JH>RGR>M,WEST BENGAL,Not Verified on Ground,19,"703",480353.66233999998,2982702702.90999984741,121,97994,809.867768595041
PASCHIM BARDDHAM>N,WEST BENGAL,Not Verified on Ground,19,"704",289409.54060800001,1739923314.38999986649,71,49252,693.69014084507
K>LIMPONG,WEST BENGAL,Not Verified on Ground,19,"702",175959.21444200000,1054104617.74000000954,44,0,0
JOGULAMBA GADWAL,TELANG>NA,,36,"695",275697.94596899999,2519829844.46000003815,104,562077,5404.58653846154
SIANG,ARUN>CHAL PRADESH,Not Verified on Ground,12,"679",381310.00319500000,3337731638.09999990463,139,833571,5996.91366906475
WEST SIANG,ARUN>CHAL PRADESH,,12,"243",205653.05608899999,1288854388.03999996185,55,501365,9115.72727272727
SHI YOMI,ARUN>CHAL PRADESH,Not Verified on Ground,12,"725",234935.06685900001,2533614848.59000015259,105,0,0
LEPA RADA,ARUN>CHAL PRADESH,Not Verified on Ground,12,"724",136851.79985099999,740599302.21500003338,30,106809,3560.3
PAKKE KESSANG,ARUN>CHAL PRADESH,Not Verified on Ground,12,"723",292751.20506100002,1841756403.83999991417,78,13165,168.782051282051
KRA DAADI,ARUN>CHAL PRADESH,Not Verified on Ground,12,"677",272548.02579500002,1700826022.83000016212,70,551421,7877.44285714286
NAMSAI,ARUN>CHAL PRADESH,Not Verified on Ground,12,"678",173448.76074100001,1295671649.56999993324,54,6649,123.12962962963
KAMLE,ARUN>CHAL PRADESH,Not Verified on Ground,12,"718",226425.94141999999,1331507163.19000005722,55,246514,4482.07272727273
KUMURAM BHEEM,TELANG>NA,,36,"699",447185.46004799998,4389641780.53999996185,179,981759,5484.68715083799
MANCHERIAL,TELANG>NA,,36,"684",418015.09058199998,3735524781.13000011444,154,975789,6336.29220779221
NIRMAL,TELANG>NA,,36,"680",459638.56056399998,3597101915.57999992371,146,861565,5901.1301369863
KAMAREDDY,TELANG>NA,,36,"685",471598.12221200002,3636649674.76999998093,151,759258,5028.19867549669
SANGAREDDY,TELANG>NA,,36,"691",628664.61129499995,4329919641.72999954224,176,1089489,6190.27840909091
NAGARKURNOOL,TELANG>NA,,36,"694",519937.68095700000,6064302746.31999969482,252,637909,2531.38492063492
WANAPARTHY,TELANG>NA,,36,"693",311149.92040800001,2133248183.71000003815,85,226234,2661.57647058824
NARAYANPET,TELANG>NA,,36,"721",347978.23079200002,2351813053.88999986649,97,447401,4612.38144329897
VIKARABAD,TELANG>NA,,36,"698",424080.60599800001,3610141215.44999980927,149,1039512,6976.59060402685
MEDCHAL-MALKAJGIRI,TELANG>NA,,36,"700",211617.34278599999,1046768227.33999991417,45,35038,778.622222222222
YADADRI BHUVANAGIRI,TELANG>NA,,36,"697",379535.13873399998,3144205247.84999990463,129,602230,4668.4496124031
SURYAPET,TELANG>NA,,36,"696",343671.05982500000,3505231009.42000007629,142,472450,3327.11267605634
KHAMMAM,TELANG>NA,,36,"509",622797.31519800005,4560107344.96000003815,190,639737,3367.03684210526
MAHABUBABAD,TELANG>NA,,36,"688",360890.03978100000,3446089924.42999982834,139,398415,2866.29496402878
JANGAON,TELANG>NA,,36,"689",306486.35182200000,2357756404.51999998093,100,332328,3323.28
WARANGAL (URBAN),TELANG>NA,,36,"686",189478.39817000000,1131099837.71000003815,45,206482,4588.48888888889
WARANGAL (RURAL),TELANG>NA,,36,"522",308652.44989599998,2173393161.26999998093,94,579231,6162.03191489362
JAYASHANKAR BHUPALAPALLY,TELANG>NA,,36,"687",356652.74043499999,2788086101.25000000000,117,569185,4864.82905982906
PEDDAPALLI,TELANG>NA,,36,"682",241335.07819199999,2127605718.57000017166,90,422299,4692.21111111111
JAGTIAL,TELANG>NA,,36,"681",287769.56677400001,2796130892.46000003815,116,282914,2438.91379310345
RANJANNA SIRCILLA,TELANG>NA,,36,"683",235176.92162400001,1754886118.06999993324,77,199405,2589.67532467532
MEDAK,TELANG>NA,,36,"513",420195.17294600001,2670510023.51999998093,105,449217,4278.25714285714
EAST SIANG,ARUN>CHAL PRADESH,,12,"232",212629.71485799999,1623400625.01999998093,68,46498,683.794117647059
LONGDING,ARUN>CHAL PRADESH,Not Verified on Ground,12,"666",171487.61259800001,902244317.47699999809,36,124835,3467.63888888889
ARIYAL@R,TAMIL N>DU,,33,"610",259098.15307800000,1953551845.54999995232,77,541480,7032.20779220779
CHENGALPATTU,TAMIL N>DU,,33,"730",358842.50591800001,2720867896.50000000000,113,376431,3331.24778761062
CHENNAI,TAMIL N>DU,,33,"568",129264.58498600000,332995243.65899997950,13,17963,1381.76923076923
COIMBATORE,TAMIL N>DU,,33,"569",567689.26418800000,4774994296.48999977112,189,772322,4086.35978835979
CUDDALORE,TAMIL N>DU,,33,"570",538000.31045899994,3726277215.72000026703,147,782055,5320.10204081633
DHARMAPURI,TAMIL N>DU,,33,"571",524839.92595399998,4507661284.65999984741,177,546435,3087.20338983051
DINDIGUL,TAMIL N>DU,,33,"572",647345.61217199999,6144763049.18999958038,245,504168,2057.82857142857
ERODE,TAMIL N>DU,,33,"573",754856.03542900004,5145413409.27999973297,201,401159,1995.81592039801
K>NCHIPURAM,TAMIL N>DU,,33,"574",434909.58143399999,1742378007.19999980927,68,253495,3727.86764705882
KALLAKKURICHI,TAMIL N>DU,,33,"729",423126.66544800001,3547769481.38999986649,141,351131,2490.29078014184
KANY>KUMARI,TAMIL N>DU,,33,"575",250200.34126600000,1735656760.70000004768,64,421180,6580.9375
KAR@R,TAMIL N>DU,,33,"576",465382.76362099999,2937839639.38999986649,115,244006,2121.79130434783
MADURAI,TAMIL N>DU,,33,"578",556591.14273399999,3778649192.34000015259,148,864901,5843.92567567568
N|LGIRIS,TAMIL N>DU,,33,"587",348091.55066100002,2448560749.01000022888,97,670343,6910.75257731959
N>GAPATTINAM,TAMIL N>DU,,33,"579",551117.20737199998,2596160074.42000007629,109,655369,6012.55963302752
N>MAKKAL,TAMIL N>DU,,33,"580",421895.92602900002,3447144066.82999992371,142,166334,1171.3661971831
PERAMBAL@R,TAMIL N>DU,,33,"581",293242.93593099999,1771180070.40000009537,71,482257,6792.35211267606
PUDUKKOTTAI,TAMIL N>DU,,33,"582",700396.39969300001,4724470766.07999992371,190,318961,1678.74210526316
R>MAN>THAPURAM,TAMIL N>DU,,33,"583",759677.18672899995,4205965470.07000017166,159,1107003,6962.28301886792
R>NIPPETTAI,TAMIL N>DU,,33,"731",364819.85709599999,1844110586.89999985695,75,367722,4902.96
SALEM,TAMIL N>DU,,33,"584",915161.46665600000,6037029189.72999954224,243,692032,2847.8683127572
SIVAGANGA,TAMIL N>DU,,33,"585",696117.07850099995,4324025753.96000003815,169,394043,2331.61538461538
TENI,TAMIL N>DU,,33,"588",346738.89704299998,2923469272.80000019073,114,761516,6679.9649122807
TENKASI,TAMIL N>DU,,33,"733",376983.82050700003,2883873054.36999988556,113,575192,5090.19469026549
THANJ>V@R,TAMIL N>DU,,33,"586",657496.45538499998,3471130011.69000005722,136,713852,5248.91176470588
THIRUV>R@R,TAMIL N>DU,,33,"590",478490.38886800001,2294247331.82000017166,88,647515,7358.125
TIRUCHIR>PALLI,TAMIL N>DU,,33,"591",803655.82080099999,4544662494.21000003815,179,434801,2429.05586592179
TIRUNELVELI,TAMIL N>DU,,33,"592",472798.25566700002,4003497672.71999979019,156,600713,3850.72435897436
TIRUPP@R,TAMIL N>DU,,33,"634",694086.49690599996,5258915004.30000019073,202,311247,1540.82673267327
TIRUPPATT@R,TAMIL N>DU,,33,"732",320210.74399300001,2114299060.61999988556,84,181438,2159.97619047619
TIRUVALL@R,TAMIL N>DU,,33,"589",690569.58346100000,3213859851.86999940872,126,436715,3465.99206349206
TIRUVANN>MALAI,TAMIL N>DU,,33,"593",717314.50534200005,6180277375.92000007629,247,1483919,6007.76923076923
TUTICORIN,TAMIL N>DU,,33,"594",528597.00421699998,4873818770.80000019073,192,1384927,7213.16145833333
VELLORE,TAMIL N>DU,,33,"595",428348.67737100000,2101439158.84999990463,87,223719,2571.48275862069
VILLUPURAM,TAMIL N>DU,,33,"596",599858.09447999997,3669168010.94999980927,140,1029175,7351.25
VIRUDHUNAGAR,TAMIL N>DU,,33,"597",574984.91636499995,4336580864.72999954224,169,1334111,7894.14792899408
KRISHNAGIRI,TAMIL N>DU,,33,"577",636648.09591100004,5134733859.90999984741,205,690810,3369.80487804878
DISPUTED (NIMACH & CHITTAURGARH ),DISPUTED (MADHYA PRADESH & R>JASTH>N),,0,,12630.20746250000,3402949.32241000002,0.141529455606652,1182.78783799339,8357.18496141655
DISPUTED (B>R>N & SHEOPUR,DISPUTED (MADHYA PRADESH & R>JASTH>N),,0,,13344.14686240000,8037774.79578000028,0.334220094905395,3207.48258691327,9596.9172285143
DISPUTED (S>BAR K>NTHA & UDAIPUR),DISPUTED (R>JATH>N & GUJAR>T),,0,,59030.26943890000,11986027.05069999956,0.498275824405111,142.53069800392,286.047789242207
DISPUTED (S>BAR K>NTHA & SIROHI),DISPUTED (R>JATH>N & GUJAR>T),,0,,10923.65413700000,1639688.34786000010,0.0682140135480018,0,0
DADRA & NAGAR HAVELI,D>DRA & NAGAR HAVELI & DAM>N & DIU,,38,"465",225234.79204500001,473306908.96700000763,19,34592,1820.63157894737
BAKSA,ASSAM,,18,"616",511427.73745900003,2575624328.21000003815,96,8636,89.9583333333333
BARPETA,ASSAM,,18,"280",415011.19768300001,2141792153.47000026703,89,46965,527.696629213483
BISWANATH,ASSAM,Not Verified on Ground,18,"705",226550.26311999999,1720650757.74000000954,87,29,0.333333333333333
BONGAIGAON,ASSAM,,18,"281",278101.50846500002,938074332.77699995041,43,28066,652.697674418605
CACHAR,ASSAM,,18,"282",433439.25827200001,3638666626.69000005722,154,498817,3239.07142857143
CHARAIDEO,ASSAM,Not Verified on Ground,18,"708",224632.57132500000,1036074512.95000004768,39,29823,764.692307692308
CHIRANG,ASSAM,,18,"612",310549.77846399997,1962996248.16000008583,78,72950,935.25641025641
DARRANG,ASSAM,,18,"283",331697.06167600001,1309522556.97000002861,61,0,0
DHEMAJI,ASSAM,,18,"284",401430.52996600000,2381017115.25000000000,99,0,0
DHUBRI,ASSAM,NOT VERIFIED,18,"285",484020.12303500000,1514111328.25999999046,66,53199,806.045454545455
DIBRUGARH,ASSAM,,18,"286",441649.09141800000,3275833020.17000007629,131,15043,114.832061068702
DIM> H>SAO,ASSAM,,18,"299",499690.77233700000,4698230544.10000038147,192,622701,3243.234375
GOALPARA,ASSAM,,18,"287",330027.80952299997,1847011606.20000028610,82,455152,5550.63414634146
GOLAGHAT,ASSAM,NOT VERIFIED,18,"288",611752.90868300002,3389099120.73000001907,133,256615,1929.43609022556
HAILAKANDI,ASSAM,,18,"289",262606.79240699997,1278171571.75000000000,51,52054,1020.66666666667
HOJAI,ASSAM,Not Verified on Ground,18,"709",252272.50063200001,1401079754.04999995232,57,182056,3193.9649122807
JORHAT,ASSAM,NOT VERIFIED,18,"290",348007.02277799998,1976286241.86999988556,73,18202,249.342465753425
KAMRUP METRO,ASSAM,,18,"618",217860.15088199999,924998183.28900015354,41,138704,3383.0243902439
KAMRUP RURAL,ASSAM,,18,"291",533767.45439900004,3002073957.67000055313,127,371722,2926.94488188976
KARBI ANGLONG,ASSAM,Not Verified on Ground,18,"292",793115.49534599995,7052761470.84000015259,292,1561723,5348.36643835616
KARIMGANJ,ASSAM,,18,"293",253526.55593500001,1743612777.20000004768,76,18037,237.328947368421
KOKRAJHAR,ASSAM,,18,"294",370102.89945800003,3005469475.00000000000,125,22064,176.512
LAKHIMPUR,ASSAM,,18,"295",372367.88503300003,2888806626.55000019073,121,0,0
MAJULI,ASSAM,Not Verified on Ground,18,"706",187633.77704099999,760410814.68700003624,51,0,0
MARIGAON,ASSAM,,18,"296",225512.75186200000,1483599654.86999988556,60,138376,2306.26666666667
NAGAON,ASSAM,NOT VERIFIED,18,"297",595983.80540099996,2482159569.61999988556,102,200892,1969.52941176471
NALBARI,ASSAM,,18,"298",235768.40190699999,1020897077.31000006199,40,0,0
SIBSAGAR,ASSAM,NOT VERIFIED,18,"300",266939.34807800001,1512179589.01000022888,66,553,8.37878787878788
SONITPUR,ASSAM,NOT VERIFIED,18,"301",302021.09840199997,3318736009.51999998093,120,15,0.125
SOUTH SALMARA MANCACHAR,ASSAM,Not Verified on Ground,18,"707",234231.82711600000,657868873.69900000095,24,18023,750.958333333333
TINSUKIA,ASSAM,,18,"302",419712.54077000002,3677171930.98000001907,152,143766,945.828947368421
UDALGURI,ASSAM,,18,"617",363765.33847800002,1977227539.25000000000,84,23850,283.928571428571
WEST KARBI ANGLONG,ASSAM,Not Verified on Ground,18,"710",430785.10403699998,2957339839.67000007629,124,463461,3737.58870967742
