District,STATE,REMARKS,State_LGD,DISTRICT_L,Shape_Leng,Shape_Area,clayskeletal_count,clayskeletal_sum,clayskeletal_mean
MORBI,GUJAR>T,,24,"673",539476.76472300000,4791280260.47000026703,198,0,0
AHMAD>B>D,GUJAR>T,,24,"438",857254.09464699996,6966373705.02999973297,289,147,0.508650519031142
>NAND,GUJAR>T,,24,"440",393046.69052300003,3054307464.84000015259,126,0,0
DEVBHUMI DW>RKA,GUJAR>T,,24,"674",661732.98652999999,4002784449.65999984741,167,0,0
J>MNAGAR,GUJAR>T,,24,"447",737428.07188399998,5694270687.81999969482,240,0,0
KACHCHH,GUJAR>T,,24,"449",2097006.99668000010,39131654163.69999694824,1623,0,0
BH>VNAGAR,GUJAR>T,,24,"443",505012.24022099999,6514338031.34999942780,267,16617,62.2359550561798
BHAR@CH,GUJAR>T,,24,"442",802579.90107599995,4745943030.64999961853,198,0,0
S@RAT,GUJAR>T,,24,"459",523086.27817900002,4175888238.05000019073,173,0,0
NAVS>RI,GUJAR>T,,24,"453",327510.17020499997,2126084215.16000008583,89,0,0
VALS>D,GUJAR>T,,24,"462",503925.52896400000,2846762616.40000009537,117,1151,9.83760683760684
AGAR MALWA,MADHYA PRADESH,,23,"667",374654.34239700000,2626911357.63000011444,111,32480,292.612612612613
DISPUTED (RATLAM & MANDSAUR),MADHYA PRADESH,,23,,12984.58521330000,1263972.38528999989,0.0525857014330274,0,0
>GRA,UTTAR PRADESH,,9,"118",787929.47860300005,3902791485.67999982834,163,0,0
AJMER,R>JASTH>N,,8,"86",812709.25638799998,8160298609.52000045776,343,0,0
>LAPPUZHA,KERALA,,32,"554",295137.80891600001,1453745489.94000005722,58,99983,1723.84482758621
AL|GARH,UTTAR PRADESH,,9,"119",498779.44332800002,3585997343.21999979019,148,0,0
ALIRAJPUR,MADHYA PRADESH,,23,"639",481486.80244599999,3206796950.71000003815,130,0,0
DISPUTED (ALIRAJPUR & D>HOD),DISPUTED (MADHYA PRADESH & GUJAR>T),,0,,18063.05542870000,4222065.23000000045,0.175540197851567,0,0
ALMORA,UTTAR>KHAND,,5,"45",394957.24764900003,3054451807.94999980927,124,0,0
ALWAR,R>JASTH>N,,8,"87",908983.51874900004,8091212384.84000015259,335,0,0
AMBEDKARNAGAR,UTTAR PRADESH,,9,"121",384817.94375400001,2242460943.92000007629,91,0,0
AMETHI,UTTAR PRADESH,,9,"640",396742.73799400002,2336051998.92000007629,98,0,0
AMROHA,UTTAR PRADESH,,9,"154",364954.37971399998,2379925279.25000000000,98,0,0
ANANTAPUR,ANDHRA PRADESH,,28,"502",1524559.50704999990,19165556643.40000152588,776,2744194,3536.3324742268
ANUGUL,ODISHA,,21,"344",605948.92970800004,6144341883.10000038147,256,0,0
ANUPPUR,MADHYA PRADESH,,23,"390",563005.80408799998,3628974441.69000005722,150,0,0
ARAVALLI,GUJAR>T,,24,"672",424917.88691800000,3030307976.92999935150,129,0,0
ASHOKNAGAR,MADHYA PRADESH,,23,"391",428702.34131400002,4554381637.06999969482,189,0,0
AURAIYA,UTTAR PRADESH,,9,"122",279215.51035699999,1944745434.89000010490,81,0,0
AZAMGARH,UTTAR PRADESH,,9,"123",498671.91985200002,4057541804.43000030518,171,0,0
BUDAUN,UTTAR PRADESH,,9,"133",449698.11925300001,4112357065.93999958038,169,0,0
B>GALKOT,KARN>TAKA,,29,"524",659839.06856799999,6414875097.54000091553,267,193119,723.292134831461
B>GESHWAR,UTTAR>KHAND,,5,"46",315673.15984199999,2173075913.40000009537,88,0,0
B>GHPAT,UTTAR PRADESH,,9,"124",218392.98638100000,1281800382.94000005722,52,0,0
BAHRAICH,UTTAR PRADESH,,9,"125",578747.61541500001,4776946197.07999992371,194,0,0
BALAGHAT,MADHYA PRADESH,,23,"392",711298.24101999996,8904866537.20999908447,366,0,0
BOLANGIR (BALANGIR),ODISHA,,21,"345",560766.02267900005,6318357757.31000041962,263,0,0
BALASORE (B>LESHWAR),ODISHA,,21,"346",554559.33411299996,3581349597.40000009537,149,0,0
BALL>RI,KARN>TAKA,,29,"528",780219.72859700001,8330054798.35999965668,334,809775,2424.47604790419
BALLIA,UTTAR PRADESH,,9,"126",435847.66576000000,2878350458.86999988556,115,0,0
B>LOD,CHHATT|SGARH,,22,"646",415028.30758899997,3249540771.94000005722,137,28914,211.051094890511
BALODA B>Z>R,CHHATT|SGARH,,22,"644",485313.89706900000,4495468285.35000038147,185,0,0
BALR>MPUR,CHHATT|SGARH,,22,"649",652255.34440800000,6029078270.35000038147,249,0,0
BALRAMPUR,UTTAR PRADESH,,9,"127",461650.34350100002,3225738696.21000003815,131,0,0
BANAS K>NTHA,GUJAR>T,,24,"441",916373.29006599996,10349019412.60000038147,427,0,0
BANDA,UTTAR PRADESH,,9,"128",666400.81344199996,4283882474.25000000000,176,0,0
B>NSW>RA,R>JASTH>N,,8,"88",411359.21857899998,4336303719.10000038147,182,0,0
BARABANKI,UTTAR PRADESH,,9,"129",489434.66960500000,3707078880.88000059128,152,0,0
BARAGARH,ODISHA,,21,"347",603877.34730499994,5624674392.31999969482,229,0,0
B>R>N,R>JASTH>N,,8,"89",632102.19394200004,6726828635.93999958038,277,0,0
BAREILLY,UTTAR PRADESH,,9,"130",516176.11593099998,3985895113.98000049591,164,0,0
B>RMER,R>JASTH>N,,8,"90",1049617.25185999996,27319207031.20000076294,1140,0,0
BARWANI,MADHYA PRADESH,,23,"393",493718.64227000001,5227384390.81000041962,220,0,0
BASTAR,CHHATT|SGARH,,22,"374",569531.12597599998,5228700398.78999996185,218,0,0
BASTI,UTTAR PRADESH,,9,"131",371752.22380799998,2684574246.21000003815,113,0,0
BELAG>VI,KARN>TAKA,,29,"527",1101145.49922999996,13157389060.90000152588,535,547842,1024.00373831776
BEMET>RA,CHHATT|SGARH,,22,"650",379763.71248699998,2155425658.03999996185,88,0,0
BENGAL@RU RURAL,KARN>TAKA,,29,"526",491266.99765999999,2286911394.90999984741,97,279292,2879.29896907217
BENGAL@RU URBAN,KARN>TAKA,,29,"525",332478.19448300003,2189237083.51000022888,86,133014,1546.67441860465
BETUL,MADHYA PRADESH,,23,"394",726502.59591699997,9679103297.63999938965,408,0,0
BHADOHI,UTTAR PRADESH,,9,"179",273256.72492399998,976420388.66999995708,40,0,0
BHADRAK,ODISHA,,21,"348",356631.20418399997,2415828025.28999996185,98,23286,237.612244897959
BHARATPUR,R>JASTH>N,,8,"91",731664.14342099999,4881165658.53999996185,203,0,0
BH|LW>RA,R>JASTH>N,,8,"92",724746.61398599995,10089945542.29999923706,426,0,0
BHIND,MADHYA PRADESH,,23,"395",592535.66903999995,4298496364.60000038147,179,0,0
BHOPAL,MADHYA PRADESH,,23,"396",378109.02190900000,2660915967.94999980927,110,161532,1468.47272727273
B|DAR,KARN>TAKA,,29,"529",551963.04584999999,5296106339.05000019073,218,337494,1548.1376146789
B|J>PUR,CHHATT|SGARH,,22,"636",717764.34033599996,8962483683.11000061035,367,1577,4.29700272479564
BIJNOR,UTTAR PRADESH,,9,"132",381323.12095499999,4465254228.84000015259,185,0,0
B|K>NER,R>JASTH>N,,8,"93",1180982.39229999995,29242823510.20000076294,1210,0,0
BIL>SPUR,CHHATT|SGARH,,22,"375",447081.50785599998,3410747938.82000017166,142,0,0
GAURELA-PENDRA-MARWAHI,CHHATT|SGARH,,22,"734",269819.93649300002,1918218806.11999964714,82,0,0
BIL>SPUR,HIM>CHAL PRADESH,,2,"15",253303.28362500001,1139841150.08999991417,49,0,0
BISHNUPUR,MANIPUR,,14,"252",158213.28630800001,461820332.27200001478,20,35021,1751.05
BOKARO,JH>RKHAND,,20,"322",426028.25347699999,2769081510.11999988556,119,0,0
BULANDSHAHR,UTTAR PRADESH,,9,"134",383798.39097000001,3402373200.41000032425,142,0,0
B@NDI,R>JASTH>N,,8,"94",483675.26263399998,5557825521.47000026703,229,0,0
BURHANPUR,MADHYA PRADESH,,23,"397",333906.40709200001,3107225756.71999979019,128,0,0
CENTRAL,DELHI,,7,"77",92366.02411550000,103186016.09400001168,3,0,0
CH>MAR>JANAGAR,KARN>TAKA,,29,"531",591094.40235300001,5667936944.09000015259,229,470733,2055.60262008734
CHAMBA,HIM>CHAL PRADESH,,2,"16",561018.42641199997,6411374707.60999965668,260,0,0
CHAMP>WAT,UTTAR>KHAND,,5,"48",271591.23589200003,1715186952.97000002861,71,0,0
CHAMPH>I,MIZORAM,,15,"262",417447.64627299999,3269846214.01000070572,137,51076,372.817518248175
CHANDAULI,UTTAR PRADESH,,9,"135",383495.88005899999,2452050714.15000009537,102,0,0
CHANDEL,MANIPUR,,14,"253",237512.98587400001,1896502418.80999994278,78,49337,632.525641025641
CHANDIGARH,CHAND|GARH,,4,"44",62113.07637860000,111867387.14599999785,5,0,0
CHATRA,JH>RKHAND,,20,"323",563467.09325899999,3659068583.38000059128,156,0,0
CHHATARPUR,MADHYA PRADESH,,23,"398",996335.29110799998,8344542362.18999958038,348,0,0
CHHINDWARA,MADHYA PRADESH,,23,"399",814856.77476800000,11368092974.29999923706,467,0,0
CHHOTA UDEPUR,GUJAR>T,,24,"668",515414.99447699997,3326713607.30000019073,139,0,0
CHIK BALL>PUR,KARN>TAKA,,29,"630",493203.11986500002,4213065376.55999994278,171,740423,4329.95906432749
CHIKKAMAGAL@RU,KARN>TAKA,,29,"532",590659.05133000005,7157359114.53999996185,287,1154999,4024.38675958188
CHITRADURGA,KARN>TAKA,,29,"533",674318.41025099996,8346938429.78999996185,338,1060639,3137.98520710059
CHITRAKOOT,UTTAR PRADESH,,9,"136",533683.22727000003,3070689929.17999982834,128,0,0
CHITTAURGARH,R>JASTH>N,,8,"95",1003416.54359999998,7515310038.81000041962,316,0,0
CHITTOOR,ANDHRA PRADESH,,28,"503",1287744.15934000001,14907547828.40000152588,604,822225,1361.29966887417
CHUR>CH>NDPUR,MANIPUR,,14,"254",288454.45405000000,2341837747.98000001907,100,604120,6041.2
CH@RU,R>JASTH>N,,8,"96",1026392.85028000001,13393563936.09999847412,558,0,0
Y S R KADAPA,ANDHRA PRADESH,,28,"504",796144.60942200001,15155269448.50000000000,610,1755348,2877.61967213115
CUTTACK,ODISHA,,21,"350",623347.49237999995,3720048022.69999980927,157,0,0
D>HOD,GUJAR>T,,24,"445",397208.12360799999,3503175922.00000000000,142,0,0
DAKSHINA  KANNADA,KARN>TAKA,,29,"534",485546.30545699998,4846207973.22000026703,190,1599532,8418.58947368421
DAMAN,D>DRA & NAGAR HAVELI & DAM>N & DIU,,38,"463",49913.14934440000,68969441.33020000160,2,0,0
DAMOH,MADHYA PRADESH,,23,"400",634967.98026800004,7021653982.39000034332,291,0,0
D>NGS,GUJAR>T,,24,"444",267412.23872099997,1703425588.23000025749,71,0,0
DAKSHIN BASTAR DANTEW>DA,CHHATT|SGARH,,22,"376",460460.21793400001,2733461710.07000017166,112,0,0
DATIA,MADHYA PRADESH,,23,"401",560683.83120799996,2585631791.92000007629,110,0,0
DAUSA,R>JASTH>N,,8,"97",515836.19162000000,3292720927.65000057220,139,0,0
D>VANGERE,KARN>TAKA,,29,"535",589250.39690800000,5852940042.40999984741,235,161744,688.272340425532
DEHRAD@N,UTTAR>KHAND,,5,"49",503253.16431000002,3019033005.11000013351,125,0,0
DEOGARH,ODISHA,,21,"351",409810.12600300001,2847432415.71000003815,119,0,0
DEORIA,UTTAR PRADESH,,9,"137",396811.75571900001,2443591235.76999998093,100,0,0
DEWAS,MADHYA PRADESH,,23,"402",851413.88103399996,6745244327.27000045776,276,496145,1797.6268115942
DHALAI,TRIPURA,,16,"269",368965.01104900002,2191520472.86999988556,93,0,0
DHAMTARI,CHHATT|SGARH,,22,"377",432007.38739900000,3943167561.26000022888,164,0,0
DHANBAD,JH>RKHAND,,20,"325",224325.41372600000,1959276427.23000001907,82,0,0
DHAR,MADHYA PRADESH,,23,"403",594125.33839599998,7847408490.51000022888,326,392754,1204.76687116564
AYODHYA,UTTAR PRADESH,,9,"140",368810.21522000001,2590690408.88000011444,109,0,0
DEOGHAR,JH>RKHAND,,20,"324",310907.25985899998,2390217604.53000020981,97,0,0
DH>RWAD,KARN>TAKA,,29,"536",466079.21497600002,4185668771.86000013351,173,391237,2261.48554913295
DHENK>N>L,ODISHA,,21,"352",407088.67625100003,4299977172.51000022888,178,0,0
DHAULPUR,R>JASTH>N,,8,"98",397730.00105700002,2923875633.46000003815,123,0,0
DINDORI,MADHYA PRADESH,,23,"404",640341.91001200001,5526516790.03999996185,235,0,0
DUMKA,JH>RKHAND,,20,"326",406167.96867799998,3615427429.57999992371,153,0,0
D@NGARPUR,R>JASTH>N,,8,"99",373314.88251800003,3625027685.80000019073,150,0,0
DURG,CHHATT|SGARH,,22,"378",341679.97551800002,2214112656.50000000000,91,0,0
EAST,DELHI,,7,"78",24536.83059660000,30510722.91580000147,1.26104937829829,0,0
EAST,SIKKIM,,11,"225",146187.57622500000,905270519.66700017452,36,0,0
EAST G>RO HILLS,MEGH>LAYA,,17,"273",241796.98896600000,1521778459.57999992371,63,0,0
EAST GODAVARI,ANDHRA PRADESH,,28,"505",1004317.88398000004,12589817609.00000190735,514,729931,1420.09922178988
EAST KH>SI HILLS,MEGH>LAYA,,17,"274",331204.46958500001,2735979477.26999998093,112,0,0
EAST NIMAR,MADHYA PRADESH,,23,"405",605136.19215599995,7190925042.03999996185,297,0,0
ERN>KULAM,KERALA,,32,"555",414199.27736299997,3115071285.48000001907,119,336747,2829.80672268908
ETAH,UTTAR PRADESH,,9,"138",494594.14467499999,2338665093.01000022888,100,0,0
ET>WAH,UTTAR PRADESH,,9,"139",330796.84307599999,2241659390.76999998093,93,0,0
FARRUKH>B>D,UTTAR PRADESH,,9,"141",342912.66093900002,2104537712.83999991417,91,0,0
FATEHPUR,UTTAR PRADESH,,9,"142",437048.11623699998,4012799500.53000020981,168,0,0
FIROZ>B>D,UTTAR PRADESH,,9,"143",389477.99888899998,2333857122.82999992371,95,0,0
GADAG,KARN>TAKA,,29,"537",559734.03081899998,4576795324.68999958038,183,139685,763.306010928962
GAJAPATI,ODISHA,,21,"353",505662.57022100000,4001409962.53000020981,167,0,0
GANJ>M,ODISHA,,21,"354",679720.08148699999,8115391150.28999996185,332,0,0
GARHWA,JH>RKHAND,,20,"328",411883.17961699999,3943667394.67999982834,163,0,0
GARIY>BAND,CHHATT|SGARH,,22,"645",512147.53486999997,4675476420.44999980927,194,8967,46.2216494845361
GAUTAMBUDHNAGAR,UTTAR PRADESH,,9,"144",310305.17694099998,1367580032.39000010490,56,0,0
GAZIPUR,UTTAR PRADESH,,9,"146",413354.73022299999,3252688582.04000043869,135,0,0
GH>ZI>B>D,UTTAR PRADESH,,9,"145",217418.36005300001,882411235.64299988747,36,0,0
G|R SOMN>TH,GUJAR>T,,24,"675",396544.45320500003,2549589437.78000020981,106,14182,133.792452830189
GIRIDIH,JH>RKHAND,,20,"329",468886.65629900002,4772801949.38000011444,200,0,0
GODDA,JH>RKHAND,,20,"330",314184.80731800001,2195720988.78000020981,94,0,0
GOMATI,TRIPURA,,16,"654",343493.49667500000,1556344729.98000001907,65,7861,120.938461538462
GONDA,UTTAR PRADESH,,9,"147",513177.22554000001,3838936965.90999984741,159,0,0
GORAKHPUR,UTTAR PRADESH,,9,"148",548846.09266199998,3208369037.57999944687,139,0,0
GUMLA,JH>RKHAND,,20,"331",564026.42188299994,5154590132.42000007629,214,0,0
GUNA,MADHYA PRADESH,,23,"406",674934.75869000005,6135291987.36999988556,255,0,0
GUNTUR,ANDHRA PRADESH,,28,"506",800649.10298299999,11159896511.89999961853,454,294930,649.625550660793
GWALIOR,MADHYA PRADESH,,23,"407",392206.19242300000,4392940982.77999973297,185,0,0
HAM|RPUR,HIM>CHAL PRADESH,,2,"17",188675.94177199999,1092455557.70000004768,44,0,0
HAMIRPUR,UTTAR PRADESH,,9,"149",504533.83646399999,3748844216.32000017166,159,0,0
HANUM>NGARH,R>JASTH>N,,8,"101",939963.77775100002,9415831017.53000068665,380,0,0
H>PUR,UTTAR PRADESH,,9,"661",246171.83691600000,1081374944.17000007629,46,0,0
HARDA,MADHYA PRADESH,,23,"408",309197.24647600000,3215630808.73999977112,134,0,0
HARDOI,UTTAR PRADESH,,9,"150",580623.30044499994,5776645684.00000000000,238,0,0
HARIDW>R,UTTAR>KHAND,,5,"50",287340.47263400001,2225504964.00000000000,90,0,0
HASSAN,KARN>TAKA,,29,"539",653271.78234599996,6790131976.16999912262,272,1565603,5755.89338235294
H>THRAS,UTTAR PRADESH,,9,"163",349333.62115800002,1720320995.72000002861,71,0,0
H>VERI,KARN>TAKA,,29,"540",467260.53066200000,4756757131.34000015259,194,697300,3594.32989690722
HAZARIBAGH,JH>RKHAND,,20,"332",663332.48776000005,4170568752.55000019073,171,0,0
HOSHANG>B>D,MADHYA PRADESH,,23,"409",569919.85454199999,6432088919.26000022888,268,0,0
IDUKKI,KERALA,,32,"556",578310.55097400001,4444596050.06999969482,177,16095,90.9322033898305
IMPHAL WEST,MANIPUR,,14,"256",195028.39039799999,468816414.14800000191,17,14575,857.352941176471
INDORE,MADHYA PRADESH,,23,"410",517693.36371200002,3759399157.63999986649,156,51106,327.602564102564
JABALPUR,MADHYA PRADESH,,23,"411",576720.81861199997,4898395541.85999965668,204,0,0
JAGATSINGHPUR,ODISHA,,21,"355",262528.01857900003,1674095798.69999980927,69,23467,340.101449275362
JAIPUR,R>JASTH>N,,8,"102",843777.22914700001,10738111916.79999923706,442,0,0
JAISALMER,R>JASTH>N,,8,"103",1149947.19488000008,37076827428.80000305176,1533,0,0
J>JAPUR,ODISHA,,21,"356",433131.24493300001,2794481950.19999980927,115,17842,155.147826086957
JALAUN,UTTAR PRADESH,,9,"151",494340.82501500001,4393854037.35999965668,181,0,0
J>LOR,R>JASTH>N,,8,"104",734506.07877300004,10237007641.50000000000,427,0,0
JAMTARA,JH>RKHAND,,20,"333",327376.66560800001,1738218050.81999993324,76,0,0
J>NJG|R - CH>MPA,CHHATT|SGARH,,22,"379",555226.65255799994,4321848604.72999954224,184,19997,108.679347826087
JASHPUR,CHHATT|SGARH,,22,"380",501891.72378300002,5627659956.30000019073,236,6524,27.6440677966102
JAUNPUR,UTTAR PRADESH,,9,"152",539279.97495800001,3882282959.90000009537,158,0,0
JHABUA,MADHYA PRADESH,,23,"412",340600.11476600001,3311826109.49000024796,139,523096,3763.28057553957
DISPUTED (RATLAM & B>NSW>RA),DISPUTED (MADHYA PRADESH & R>JASTH>N),,0,,4472.64554852000,690105.44732100004,0.0287058858205295,0,0
JH>L>W>R,R>JASTH>N,,8,"105",754272.12085299997,6098840407.68999958038,256,59227,231.35546875
JHANSI,UTTAR PRADESH,,9,"153",994300.22835600004,4832822966.53999996185,205,0,0
JH>RSUGUDA,ODISHA,,21,"357",357233.91903300001,1995409611.58999991417,86,0,0
JHUNJHUN@N,R>JASTH>N,,8,"106",520688.84273999999,5725228370.84000015259,240,0,0
JODHPUR,R>JASTH>N,,8,"107",1036725.76566000003,21857052895.40000152588,908,0,0
J@N>GADH,GUJAR>T,,24,"448",650849.60524599999,5922423712.60999965668,246,0,0
KAB|RDH>M,CHHATT|SGARH,,22,"382",434302.99125399999,4037905476.30999994278,168,0,0
KALABURAGI,KARN>TAKA,,29,"538",891041.04382400005,10677305597.10000038147,437,210348,481.345537757437
KAL>H>NDI,ODISHA,,21,"358",636149.20425700000,7632727250.78999996185,314,0,0
KANDHAM>L,ODISHA,,21,"359",644946.62214600004,7745678774.94999980927,321,0,0
K>NGRA,HIM>CHAL PRADESH,,2,"18",571807.66898600000,5633809227.67000007629,229,0,0
UTTAR BASTAR K>NKER,CHHATT|SGARH,,22,"381",645466.92956299998,6944506416.56999969482,283,0,0
KANNAUJ,UTTAR PRADESH,,9,"155",309691.03473600000,2015119811.22000002861,83,0,0
KANN@R,KERALA,,32,"557",339137.09602200001,2976762848.44000005722,117,324492,2773.4358974359
KANPUR,UTTAR PRADESH,,9,"157",461116.27630500001,2888527071.26999998093,116,0,0
KANPUR DEHAT,UTTAR PRADESH,,9,"156",371011.67677399999,3041183145.96999931335,124,0,0
K>RAIK>L,PUDUCHERRY,,34,"598",127972.22800700000,160538689.80000001192,7,0,0
KARAULI,R>JASTH>N,,8,"108",519975.88221200003,4832985849.85999965668,194,0,0
K>SARAGOD,KERALA,,32,"558",344680.78840800002,1992999271.91000032425,80,136755,1709.4375
KASGANJ,UTTAR PRADESH,,9,"633",323363.35567899997,1891694043.50999975204,74,0,0
KATNI,MADHYA PRADESH,,23,"413",635802.34950300003,4859759769.97000026703,198,0,0
KAUSHAMBI,UTTAR PRADESH,,9,"158",263022.69539600000,1721997321.44999980927,72,0,0
KENDR>PARHA,ODISHA,,21,"360",406097.54542699998,2444274717.32999992371,103,68858,668.52427184466
KEONJHAR (KENDUJHAR),ODISHA,,21,"361",664391.23017100000,7996780949.92000007629,334,0,0
KHERI,UTTAR PRADESH,,9,"159",689908.29649600002,7431766489.60999965668,308,0,0
KHORDHA,ODISHA,,21,"362",640351.92123900005,2781806247.82000017166,116,0,0
KHOWAI,TRIPURA,,16,"652",231379.59480300001,1011187255.24000000954,42,0,0
KHUNTI,JH>RKHAND,,20,"606",385548.04671099997,2534969139.96999979019,101,0,0
GANG>NAGAR,R>JASTH>N,,8,"100",824329.02861200005,10604700367.50000000000,439,0,0
EAST JAINTIA HILLS,MEGH>LAYA,,17,"657",266454.38842400000,1937293116.24000000954,82,0,0
KODAGU,KARN>TAKA,,29,"541",466411.43999300001,4107024700.63000011444,165,596447,3614.8303030303
KODARMA,JH>RKHAND,,20,"334",313957.61092499999,1575453962.77000021935,65,0,0
KOLAR,KARN>TAKA,,29,"542",499240.77926699998,3961738111.60999965668,154,778763,5056.9025974026
KOLLAM,KERALA,,32,"559",351983.51947599999,2552846259.80000019073,98,412689,4211.11224489796
KONDAGAON,CHHATT|SGARH,,22,"643",478627.41609700001,4908720155.86999988556,205,0,0
KOPPAL,KARN>TAKA,,29,"543",536933.30314900004,5469501330.60999965668,223,677391,3037.62780269058
KOR>PUT,ODISHA,,21,"363",790931.63424699998,8131518072.43000125885,332,4972,14.9759036144578
KORBA,CHHATT|SGARH,,22,"383",484704.92379999999,6347595180.57999992371,262,0,0
KOREA,CHHATT|SGARH,,22,"384",540618.79001300002,6348856686.20000076294,262,0,0
KOTA,R>JASTH>N,,8,"109",608217.65680899995,4895444743.56999969482,201,0,0
KOTTAYAM,KERALA,,32,"560",322325.87532200001,2253782890.44000005722,88,175121,1990.01136363636
KOZHIKODE,KERALA,,32,"561",296315.81918499997,2364872476.19999980927,91,413679,4545.92307692308
KRISHNA,ANDHRA PRADESH,,28,"510",832126.82250200002,8561151314.05000019073,357,447147,1252.51260504202
KULLU,HIM>CHAL PRADESH,,2,"20",422724.96072300000,5379324333.97000026703,219,0,0
KURNOOL,ANDHRA PRADESH,,28,"511",894651.28274199995,17077547954.29999923706,698,471963,676.164756446991
KUSHINAGAR,UTTAR PRADESH,,9,"160",457301.79835499998,2771299334.51999998093,117,0,0
LAKSHADWEEP,LAKSHADWEEP,,31,"553",144322.28282699999,30346283.22520000115,1.19551268443371,0,0
LALITPUR,UTTAR PRADESH,,9,"161",435480.56029100000,4850700924.81999969482,206,0,0
LATEHAR,JH>RKHAND,,20,"335",504222.16652000003,4079607814.34999990463,167,0,0
LOHARDAGA,JH>RKHAND,,20,"336",257886.53827100000,1448312602.47000002861,61,0,0
LUCKNOW,UTTAR PRADESH,,9,"162",370767.28996999998,2438586023.71999979019,100,0,0
MAH>SAMUND,CHHATT|SGARH,,22,"385",522464.37544700003,4579577727.43000030518,189,45383,240.121693121693
MAHE,PUDUCHERRY,,34,"599",27438.10733680000,9020243.77363999933,0.358931737479149,0,0
MAHISAGAR,GUJAR>T,,24,"669",381868.16892099997,2415516260.59999990463,101,0,0
MAHOBA,UTTAR PRADESH,,9,"165",556516.12930000003,3143315712.71000003815,130,0,0
MAINPURI,UTTAR PRADESH,,9,"166",376263.53918399999,2640472978.63999986649,112,0,0
MALAPPURAM,KERALA,,32,"562",405137.23574700003,3589215093.21999979019,143,326828,2285.51048951049
"DISPUTED (S>HIBGANJ, M>LDAH & KATIH>R)","DISPUTED (WEST BENGAL , BIH>R & JH>RKHAND)",,0,,19515.38487790000,13982943.85449999943,0.581477145366051,0,0
MALKANGIRI,ODISHA,,21,"364",502153.52785499999,5614453548.26000022888,232,0,0
MANDYA,KARN>TAKA,,29,"544",546142.24703500001,4958061208.94999980927,195,877093,4497.91282051282
MANDI,HIM>CHAL PRADESH,,2,"22",335860.11042200000,3867140398.40999984741,156,0,0
MANDLA,MADHYA PRADESH,,23,"415",711614.12809400004,7226559285.01000118256,298,0,0
MANDSAUR,MADHYA PRADESH,,23,"416",557027.22299499996,5334714119.27999973297,223,91972,412.430493273543
MATHURA,UTTAR PRADESH,,9,"167",407498.87504900002,3225493065.84000015259,130,0,0
MAU,UTTAR PRADESH,,9,"168",306512.50381899998,1670689971.45000028610,67,0,0
MAY@RBHANJ,ODISHA,,21,"365",778904.11272800004,10022504333.20000076294,417,0,0
MEERUT,UTTAR PRADESH,,9,"169",320531.34472100000,2512807895.46999979019,104,0,0
MIRZAPUR,UTTAR PRADESH,,9,"170",574005.62761400000,4246825888.34999942780,178,0,0
MOR>D>B>D,UTTAR PRADESH,,9,"171",396486.12532200001,1887455028.06000018120,79,0,0
MORENA,MADHYA PRADESH,,23,"417",630246.71711199998,4802761551.71000003815,195,0,0
MUNGELI,CHHATT|SGARH,,22,"647",435239.28960600001,2672352997.36000013351,109,0,0
MUZAFFARNAGAR,UTTAR PRADESH,,9,"172",343519.23882899998,2657072857.88999986649,109,0,0
MYS@RU,KARN>TAKA,,29,"545",677680.91497000004,6319631855.37999916077,255,480419,1883.99607843137
NABARANGAPUR,ODISHA,,21,"366",557230.08014500001,5275175542.98999977112,220,0,0
N>GAUR,R>JASTH>N,,8,"110",954558.16926600004,17172898481.79999923706,710,0,0
NAINIT>L,UTTAR>KHAND,,5,"51",434894.75147299998,3869769679.38999986649,160,0,0
N>R>INPUR,CHHATT|SGARH,,22,"637",437577.54986700002,3772332359.33999967575,152,0,0
NARM>DA,GUJAR>T,,24,"452",404799.25293100002,2713805394.92999982834,110,0,0
NARSHIMAPURA,MADHYA PRADESH,,23,"418",556315.97834200005,4939286406.10000038147,203,0,0
NAY>GARH,ODISHA,,21,"367",434221.30567899998,3763289195.26999998093,158,0,0
POTTI SRIRAMULU NELLORE,ANDHRA PRADESH,,28,"515",669181.75708300003,13056481834.39999961853,533,502409,942.606003752345
NEW DELHI,DELHI,,7,"79",80699.25079190002,151623804.29499998689,7,0,0
NICOBAR,ANDAMAN & NICOBAR,,35,"603",956102.10879600001,1851896396.01999998093,72,0,0
NIMACH,MADHYA PRADESH,,23,"419",646368.77679200005,4122459893.05000019073,168,0,0
NORTH,DELHI,,7,"80",110611.97657800000,282183219.81699997187,11,0,0
NORTH,SIKKIM,,11,"226",328955.13737200003,4082362223.95999956131,173,0,0
NORTH & MIDDLE ANDAMAN,ANDAMAN & NICOBAR,,35,"632",3083245.68361999979,3438875022.58999967575,136,0,0
NORTH EAST,DELHI,,7,"81",47370.02950990000,34205904.85000000149,2,0,0
NORTH GOA,GOA,,30,"551",276203.30368399998,1711985445.77000021935,69,164799,2388.39130434783
NORTH TRIPURA,TRIPURA,,16,"270",316924.45215000003,1293406531.90000009537,53,0,0
NORTH WEST,DELHI,,7,"82",93419.72727940000,149032948.34000000358,7,0,0
N@>PARHA,ODISHA,,21,"368",419771.81935800001,3711854913.36999988556,157,0,0
PAKUR,JH>RKHAND,,20,"337",340590.07903000002,1731475167.26999998093,73,0,0
P>LAKK>D,KERALA,,32,"563",552162.54997199995,4537723823.85000038147,180,48754,270.855555555556
PALAMU,JH>RKHAND,,20,"338",463099.56472199998,4249289634.73999977112,178,0,0
P>LI,R>JASTH>N,,8,"111",870020.43955699995,11919964090.80000114441,491,0,0
P>NCH MAH>LS,GUJAR>T,,24,"454",461032.23681600002,3158853194.36000013351,133,0,0
PANNA,MADHYA PRADESH,,23,"420",884627.45493999997,6826021233.03999996185,285,0,0
WEST SINGHBHUM,JH>RKHAND,,20,"343",533810.61593800003,6950444307.64999961853,288,0,0
PATTANAMTHITTA,KERALA,,32,"564",408012.02513400000,2716777604.46000003815,107,212106,1982.29906542056
PAURI GARHW>L,UTTAR>KHAND,,5,"52",414490.25445399998,5131341078.80000019073,212,0,0
P|L|BH|T,UTTAR PRADESH,,9,"173",596380.04646500002,3641734881.07000017166,151,0,0
PRAKASAM,ANDHRA PRADESH,,28,"517",875362.02812599996,17294622747.00000000000,706,808372,1145.00283286119
PRAT>PGARH,R>JASTH>N,,8,"629",449221.77997500001,4268096507.40000009537,181,67529,373.088397790055
DISPUTED (MANDSAUR & JH>L>W>R),DISPUTED (MADHYA PRADESH & R>JASTH>N),,0,,13397.44972420000,3122206.59617999988,0.129895532337569,82.5003194304043,635.128229168074
PRATAPGARH,UTTAR PRADESH,,9,"174",526670.54426999995,3572749461.46999979019,146,0,0
PUDUCHERRY,PUDUCHERRY,,34,"600",353092.64223000000,299707106.11400002241,17,0,0
EAST SINGHBHUM,JH>RKHAND,,20,"327",422058.45082799997,3420455093.05000019073,140,0,0
PURI,ODISHA,,21,"369",488488.40506800002,3354937698.23000001907,137,0,0
RAIBEARELI,UTTAR PRADESH,,9,"175",502659.71795100003,3784149807.07999992371,157,0,0
R>ICH@R,KARN>TAKA,,29,"546",541023.34376900003,8269769313.36999893188,334,432485,1294.86526946108
RAIGARH,CHHATT|SGARH,,22,"386",713130.61589899997,6781679873.31999969482,281,75758,269.601423487544
RAIPUR,CHHATT|SGARH,,22,"387",291574.89942300000,2798755299.05999994278,118,0,0
RAISEN,MADHYA PRADESH,,23,"421",787204.11497899995,8152214139.06999969482,342,49046,143.409356725146
R>J NANDGAON,CHHATT|SGARH,,22,"388",766223.94651299994,7780164358.46999931335,326,0,0
RAJGARH,MADHYA PRADESH,,23,"422",463591.49556299997,5929180665.41999912262,247,0,0
R>J SAMAND,R>JASTH>N,,8,"112",701612.53479199996,4452621909.52999973297,183,0,0
RAMGARH,JH>RKHAND,,20,"607",331867.36426300002,1339974221.28999996185,55,0,0
R>MANAGARAM,KARN>TAKA,,29,"631",463142.65854400001,3508219073.21000051498,141,928086,6582.17021276596
R>MPUR,UTTAR PRADESH,,9,"176",405602.54969299998,2291226529.82000017166,94,0,0
RANCHI,JH>RKHAND,,20,"339",615497.77373300004,4794372182.93000030518,203,0,0
RATLAM,MADHYA PRADESH,,23,"423",559323.23673700006,4668623536.01000022888,192,295664,1539.91666666667
R>YAGARHA,ODISHA,,21,"370",790225.66347100004,7104622187.62999916077,295,265606,900.359322033898
REWA,MADHYA PRADESH,,23,"424",658363.87564700004,6055963203.36999988556,250,0,0
RUDRAPRAY>G,UTTAR>KHAND,,5,"54",249893.93264300001,1936521456.09999966621,78,0,0
S>BAR K>NTHA,GUJAR>T,,24,"458",581212.59778099996,4079235142.51000022888,163,0,0
SAGAR,MADHYA PRADESH,,23,"425",1022387.60782999999,9872214409.73999977112,406,0,0
SAH>RANPUR,UTTAR PRADESH,,9,"177",374467.83332600002,3612815417.71000003815,152,0,0
SAHIBGANJ,JH>RKHAND,,20,"340",312017.89312000002,2101567038.42999982834,86,0,0
SAIHA,MIZORAM,,15,"267",279456.27615900000,1472797725.22000002861,58,0,0
SAMBALPUR,ODISHA,,21,"371",647721.28919499996,6406160531.77000045776,266,0,0
SAMBHAL,UTTAR PRADESH,,9,"659",399084.15324900002,2348855076.11999988556,101,0,0
SANTKABIRNAGAR,UTTAR PRADESH,,9,"178",392258.32543199998,1582121286.35999965668,64,0,0
SARAIKELA-KHARSAWAN,JH>RKHAND,,20,"341",364986.25641600002,2557734350.03999996185,108,0,0
SATNA,MADHYA PRADESH,,23,"426",1018097.64876999997,7235778804.64999961853,306,0,0
SAW>I M>DHOPUR,R>JASTH>N,,8,"113",570117.24210000003,4839362637.72000026703,206,0,0
SEHORE,MADHYA PRADESH,,23,"427",863302.64957899996,6317351567.76000022888,262,458972,1751.80152671756
SEONI,MADHYA PRADESH,,23,"428",705550.06273899996,8430271480.59000015259,352,0,0
SEPAHIJALA,TRIPURA,,16,"653",261051.75802600000,1018378012.76999986172,42,0,0
SHAHADRA,DELHI,,7,"671",33443.79661550001,33287844.24320000038,1.37561325594297,0,0
SHAHDOL,MADHYA PRADESH,,23,"429",603888.98636099999,5462047268.86999988556,227,0,0
SH>HJAH>NPUR,UTTAR PRADESH,,9,"180",695415.33557100000,4169028949.40999984741,172,0,0
SH>J>PUR,MADHYA PRADESH,,23,"430",447265.16058299999,3329015915.92000007629,142,18800,132.394366197183
SH>MLI,UTTAR PRADESH,,9,"660",201783.64212300000,1226415733.76999998093,50,0,0
SHEOPUR,MADHYA PRADESH,,23,"431",548588.24476799998,6358711018.75000095367,270,0,0
SHIMLA,HIM>CHAL PRADESH,,2,"23",551672.20255199994,5007028594.39999961853,205,0,0
SHIVAMOGGA,KARN>TAKA,,29,"547",746077.36306600005,8394388205.85000038147,341,808108,2369.81818181818
SHIVPURI,MADHYA PRADESH,,23,"432",853079.68533300003,9894701466.27000045776,407,0,0
SHR>WASTI,UTTAR PRADESH,,9,"181",302869.70075800002,1864596528.91000008583,78,0,0
SIDDHARTHNAGAR,UTTAR PRADESH,,9,"182",415859.37724700000,2793412094.75000000000,120,0,0
SIDHI,MADHYA PRADESH,,23,"433",519227.09455099999,4591745506.26000022888,193,0,0
S|KAR,R>JASTH>N,,8,"114",719407.44274800003,7462763686.14000034332,308,0,0
SIMDEGA,JH>RKHAND,,20,"342",402245.47269400000,3634647646.56999969482,150,0,0
SINGRAULI,MADHYA PRADESH,,23,"638",511442.16179899999,5543913865.64999961853,229,0,0
SIRMAUR,HIM>CHAL PRADESH,,2,"24",349597.16685899999,2755326032.86000013351,114,0,0
SIROHI,R>JASTH>N,,8,"115",455078.63786399999,4939274829.01000022888,208,0,0
S|T>PUR,UTTAR PRADESH,,9,"183",540535.80795799999,5539949266.85000038147,233,0,0
SOLAN,HIM>CHAL PRADESH,,2,"25",322063.13591600000,1889942391.94000005722,74,0,0
SONBHADRA,UTTAR PRADESH,,9,"184",572494.99088099995,6621089502.61999988556,280,0,0
SOUTH,DELHI,,7,"83",69956.04237000000,154141201.45100000501,5,0,0
SOUTH,SIKKIM,,11,"227",160104.58771200001,706652227.48599994183,28,0,0
SOUTH ANDAMAN,ANDAMAN & NICOBAR,,35,"602",1785415.55064000003,2546504280.90999984741,100,0,0
SOUTH G>RO HILLS,MEGH>LAYA,,17,"277",286551.38231000002,1765025387.45000004768,73,0,0
SOUTH GOA,GOA,,30,"552",327335.00931699999,1922050729.18999981880,79,168116,2128.05063291139
SOUTH TRIPURA,TRIPURA,,16,"271",340006.20764199999,1405518823.23000001907,58,0,0
SOUTH WEST,DELHI,,7,"84",111613.64782400000,274177794.74400001764,9,0,0
SRIKAKULAM,ANDHRA PRADESH,,28,"519",691140.07522700005,5663014977.94999980927,233,91378,392.18025751073
SUBARNAPUR,ODISHA,,21,"372",339504.54678300000,2277766431.05000019073,93,0,0
SUKMA,CHHATT|SGARH,,22,"642",629317.53168300004,5319456684.28999996185,221,73371,331.995475113122
SULTANPUR,UTTAR PRADESH,,9,"185",461970.43751500000,2575456889.09000015259,108,0,0
SUNDARGARH,ODISHA,,21,"373",809479.77238300000,9359929189.09000015259,388,0,0
S@RAJPUR,CHHATT|SGARH,,22,"648",585291.43373000005,5245401635.61999988556,220,0,0
SURGUJA,CHHATT|SGARH,,22,"389",441465.84858500003,3852662852.28000020981,158,0,0
T>PI,GUJAR>T,,24,"641",582009.38789999997,3026218034.19999980927,130,0,0
TEHRI GARHW>L,UTTAR>KHAND,,5,"55",546162.69105300005,3806994202.47999954224,158,0,0
THIRUVANANTHAPURAM,KERALA,,32,"565",284814.50549600000,2260982434.44999980927,88,432854,4918.79545454545
TRISS@R,KERALA,,32,"566",401612.68388800003,3066580320.34999942780,121,163475,1351.03305785124
TIKAMGARH,MADHYA PRADESH,,23,"434",422276.71726200002,3580441830.41000032425,151,0,0
TONK,R>JASTH>N,,8,"116",686222.90697200003,6929674533.08999919891,288,0,0
TUMAK@RU,KARN>TAKA,,29,"548",1078480.23784999992,10527504922.89999961853,429,1842533,4294.94871794872
UDAIPUR,R>JASTH>N,,8,"117",876517.42094300000,11261554675.70000076294,468,0,0
UDHAM SINGH NAGAR,UTTAR>KHAND,,5,"56",568974.77209300001,2587998006.05999994278,104,0,0
UDUPI,KARN>TAKA,,29,"549",374693.26696600002,3558589452.55999994278,147,946763,6440.56462585034
UJJAIN,MADHYA PRADESH,,23,"435",723405.04657500004,5867143638.21000003815,242,64828,267.884297520661
UMARIA,MADHYA PRADESH,,23,"436",466708.65887799999,4402124147.07999992371,183,0,0
UNA,HIM>CHAL PRADESH,,2,"26",248758.59424199999,1509874680.54000020027,62,0,0
UNNAO,UTTAR PRADESH,,9,"186",535830.60533299996,4401976319.38000011444,183,0,0
UNOKOTI,TRIPURA,,16,"655",185617.93028299999,662746054.24899995327,26,0,0
UTTARA  KANNADA,KARN>TAKA,,29,"550",787314.51594299998,10132884012.39999961853,414,1276827,3084.1231884058
VADODARA,GUJAR>T,,24,"461",489551.72742399998,3938734370.42000007629,169,0,0
VARANASI,UTTAR PRADESH,,9,"187",293845.54954799998,1474823560.96000003815,62,0,0
VIDISHA,MADHYA PRADESH,,23,"437",682297.63140399999,7022138501.28999996185,293,77598,264.839590443686
VIJAY>PURA,KARN>TAKA,,29,"530",691684.99280500005,10248125367.79999923706,417,480,1.15107913669065
VISAKHAPATNAM,ANDHRA PRADESH,,28,"520",977103.62321800005,11257537814.70000076294,462,689262,1491.90909090909
VIZIANAGARAM,ANDHRA PRADESH,,28,"521",826083.79525400000,5964663298.63999938965,250,413187,1652.748
WAYANAD,KERALA,,32,"567",284707.68680000002,2142431632.15000009537,85,154989,1823.4
WEST,SIKKIM,,11,"228",184178.68424199999,1159130197.07999992371,50,0,0
WEST,DELHI,,7,"85",73954.33820150000,127209041.66100001335,6,0,0
WEST G>RO HILLS,MEGH>LAYA,,17,"278",363414.27007799997,2559181396.59999990463,108,0,0
WEST GODAVARI,ANDHRA PRADESH,,28,"523",622619.44613499998,8121097747.97000026703,330,544755,1650.77272727273
WEST KH>SI HILLS,MEGH>LAYA,,17,"279",414577.57669500000,3772646067.01000022888,160,0,0
WEST NIMAR,MADHYA PRADESH,,23,"414",675714.32309700001,7727280873.23999977112,325,158953,489.086153846154
WEST TRIPURA,TRIPURA,,16,"272",191097.68354900001,906730685.69500005245,38,0,0
Y>DG|R,KARN>TAKA,,29,"635",544018.62208600005,5153341023.22999954224,210,478198,2277.13333333333
Y>NAM,PUDUCHERRY,,34,"601",38726.24405690001,36932146.25429999828,1.51252288560036,0,0
BAUDH (BAUDA),ODISHA,,21,"349",404642.33912100003,2992913213.52999973297,123,0,0
LAWNGTLAI,MIZORAM,,15,"264",511194.19848899997,2333885140.32999992371,98,0,0
SERCHH|P,MIZORAM,,15,"268",315614.09600299998,1389741564.04999995232,59,0,0
KOLASIB,MIZORAM,,15,"263",275719.08113100001,1433545992.07999992371,60,0,0
M>MIT,MIZORAM,,15,"266",420838.46799099998,2948742118.94000005722,123,0,0
LUNGLEI,MIZORAM,,15,"265",483877.32410400000,4363220084.77000045776,181,0,0
M|RPUR,JAMMU AND KASHM|R,,1,,438559.90553799999,3578908207.58999967575,146,0,0
MUZAFFAR>B>D,JAMMU AND KASHM|R,,1,,594020.74539599998,4782216829.89000034332,191,0,0
P@NCH,JAMMU AND KASHM|R,,1,"10",404743.70314000000,4207362940.53999996185,169,0,0
ANANTN>G,JAMMU AND KASHM|R,,1,"1",357458.94899300003,2704591646.40000009537,108,0,0
B>RAM@LA,JAMMU AND KASHM|R,,1,"3",274658.94404300000,2049073981.73000001907,86,0,0
KATHUA,JAMMU AND KASHM|R,,1,"7",312247.41107300000,2461252983.38999986649,101,0,0
UDHAMPUR,JAMMU AND KASHM|R,,1,"14",288814.28985800000,2248373625.73999977112,94,0,0
PRAYAGRAJ,UTTAR PRADESH,,9,"120",578851.53311500000,5265361023.01000022888,221,0,0
RI-BHOI,MEGH>LAYA,,17,"276",404635.82600200002,2282352415.65000009537,93,0,0
SOUTH EAST,DELHI,,7,"670",59431.10730960000,98130518.80679999292,5,0,0
SOUTH WEST KH>SI HILLS,MEGH>LAYA,,17,"658",248011.35333000001,1256652986.00000000000,53,0,0
SOUTH WEST G>RO HILLS,MEGH>LAYA,,17,"663",145899.01570200000,805376078.21399998665,34,0,0
NORTH G>RO HILLS,MEGH>LAYA,,17,"656",282971.27283899998,1201174095.44000005722,47,0,0
WEST JAINTIA HILLS,MEGH>LAYA,,17,"275",299814.13244199997,1730292078.36999964714,71,0,0
>|ZAWL,MIZORAM,,15,"261",553757.08717600000,3063622842.13000011444,124,0,0
BADG>M,JAMMU AND KASHM|R,,1,"2",197128.41684600001,1239938272.34999990463,50,0,0
BANDIPURA,JAMMU AND KASHM|R,,1,"623",420303.21877899999,4029129267.64000034332,159,0,0
GANDERBAL,JAMMU AND KASHM|R,,1,"626",331742.08416099998,1610758400.71000003815,65,0,0
KULG>M,JAMMU AND KASHM|R,,1,"622",254099.48944599999,1252588614.11999988556,52,0,0
KUPWARA,JAMMU AND KASHM|R,,1,"8",285264.23671500001,2733098874.92999982834,111,0,0
PULWAMA,JAMMU AND KASHM|R,,1,"11",187781.08123600000,889648679.84299993515,36,0,0
R>JAURI,JAMMU AND KASHM|R,,1,"12",308772.18362999998,2604695183.01999998093,109,0,0
R>MBAN,JAMMU AND KASHM|R,,1,"621",166556.49602399999,1273536713.13000011444,52,0,0
RI>SI,JAMMU AND KASHM|R,,1,"627",328241.98691899999,1909557766.34999990463,73,0,0
SHUP|YAN,JAMMU AND KASHM|R,,1,"625",163208.51749599999,501083824.27799999714,21,0,0
SR|NAGAR,JAMMU AND KASHM|R,,1,"13",166004.84483799999,279773782.48799997568,12,0,0
LEH,LAD>KH,,37,"9",3197189.87153000012,153926719386.00000000000,6158,0,0
KARGIL,LAD>KH,,37,"6",899717.09777100000,14084689859.00000000000,568,0,0
KISHTW>R,JAMMU AND KASHM|R,,1,"620",569459.85481199995,8089004992.72999858856,328,0,0
DODA,JAMMU AND KASHM|R,,1,"4",292256.66154100001,2377508546.92000007629,94,0,0
S>MBA,JAMMU AND KASHM|R,,1,"624",194152.89096100000,913378106.56299996376,39,0,0
IMPHAL EAST,MANIPUR,Not Verified on Ground,14,"255",179407.79600100001,416259005.40700000525,16,0,0
JIRIBAM,MANIPUR,Not Verified on Ground,14,"713",135285.96350099999,283570156.56099998951,12,0,0
NIV>RI,MADHYA PRADESH,,23,"722",478725.88532000000,1271951993.15000009537,46,0,0
AMRELI,GUJAR>T,,24,"439",726140.54998200003,7047102977.39999961853,293,11001,37.5460750853242
DIU,D>DRA & NAGAR HAVELI & DAM>N & DIU,,38,"464",46434.42754230000,37496719.18680000305,1.55499673987909,0,0
PORBANDAR,GUJAR>T,,24,"456",407904.14511300001,2228573987.05000019073,92,0,0
R>JKOT,GUJAR>T,,24,"457",957842.84052600001,7401928856.42000102997,310,39089,126.093548387097
SURENDRANAGAR,GUJAR>T,,24,"460",980953.51886399998,8825915621.61000061035,372,12655,34.0188172043011
BOT>D,GUJAR>T,,24,"676",377376.50241999998,2386757362.44999980927,101,25805,255.49504950495
KHEDA,GUJAR>T,,24,"450",474374.14720399998,3310716481.09999990463,139,0,0
MAHES>NA,GUJAR>T,,24,"451",610891.06559599994,4248515166.65000057220,180,0,0
G>NDH|NAGAR,GUJAR>T,,24,"446",427525.49850400002,2021995152.24999976158,84,0,0
P>TAN,GUJAR>T,,24,"455",734808.49880499998,5562451842.32999992371,229,0,0
ADILABAD,TELANG>NA,,36,"501",379140.27853700001,3865768521.55999994278,161,27778,172.534161490683
AHAMADNAGAR,MAH>R>SHTRA,,27,"466",1367396.16825999995,16550797348.60000038147,681,0,0
AKOLA,MAH>R>SHTRA,,27,"467",611947.20051100000,5247082318.10999965668,221,0,0
>L|PUR DU>R,WEST BENGAL,,19,"664",347786.12503800000,2696242300.26000022888,113,0,0
AMAR>VATI,MAH>R>SHTRA,,27,"468",932435.49997999996,11762389091.89999961853,482,0,0
AMB>LA,HARY>NA,,6,"58",379482.60359100002,1473787664.59999990463,64,0,0
AMRITSAR,PUNJAB,,3,"27",380102.55344200000,2623105715.40999984741,106,0,0
>NJ>W,ARUN>CHAL PRADESH,,12,"628",389633.47561800003,5812749719.15999984741,238,0,0
AR>RIA,BIH>R,,10,"188",397908.32119799999,2686772169.96000003815,111,0,0
ARWAL,BIH>R,,10,"611",189576.96761900000,613477203.87000000477,23,0,0
AURANG>B>D,BIH>R,,10,"189",373783.57634600002,3179298175.38000011444,131,0,0
AURANG>B>D,MAH>R>SHTRA,,27,"469",863383.81877300004,9778296575.98999977112,402,0,0
B>NKA,BIH>R,,10,"190",343662.22208699997,2909647845.78999996185,120,0,0
B>NKURA,WEST BENGAL,,19,"305",501616.44086300000,6621369303.62999916077,277,0,0
PURBA BARDDHAM>N,WEST BENGAL,Not Verified on Ground,19,"306",590233.47112700006,5009744684.64999961853,206,0,0
BARN>LA,PUNJAB,,3,"605",246764.00636500001,1386792906.82999992371,58,0,0
BATHINDA,PUNJAB,,3,"28",423493.07555200002,3286728684.71000003815,134,0,0
BEGUSAR>I,BIH>R,,10,"191",364147.27420699998,1850111712.50000000000,79,0,0
KAIMUR,BIH>R,,10,"200",384239.49537500000,3240662368.19000005722,139,0,0
BH>GALPUR,BIH>R,,10,"192",385555.72783699998,2459213522.55000019073,99,0,0
BHAND>RA,MAH>R>SHTRA,,27,"471",500711.94243499998,3987875957.97999954224,166,0,0
BHIW>NI,HARY>NA,,6,"59",386681.01802900003,3186628724.21000003815,132,0,0
BHOJPUR,BIH>R,,10,"193",288088.09021900001,2299138052.21999979019,94,0,0
B|D,MAH>R>SHTRA,,27,"470",931334.13518999994,10276572845.50000000000,430,0,0
B|RBH@M,WEST BENGAL,,19,"307",664801.03975800006,4374275414.59000015259,179,0,0
BULDH>NA,MAH>R>SHTRA,,27,"472",748817.14751499996,9401299790.44000053406,387,0,0
BUXAR,BIH>R,,10,"194",287685.79189900000,1636235724.34999990463,71,0,0
CHAMOLI,UTTAR>KHAND,,5,"47",522183.06716600002,7618644992.75000095367,310,0,0
CHANDRAPUR,MAH>R>SHTRA,,27,"473",678345.45665299997,10976002007.10000038147,455,67550,148.461538461538
CH>NGL>NG,ARUN>CHAL PRADESH,,12,"229",585539.15823599999,4774119298.39000034332,197,5939,30.1472081218274
DAKSHIN DIN>JPUR,WEST BENGAL,,19,"310",409019.23303599999,2149572477.01999998093,85,0,0
DARBHANGA,BIH>R,,10,"195",475578.74386900000,2423611347.50000000000,101,0,0
D>RJILING,WEST BENGAL,,19,"309",341642.31991100003,1976394918.07999992371,80,0,0
DHULE,MAH>R>SHTRA,,27,"474",615312.93389200000,6928963480.86000061035,283,0,0
DIB>NG VALLEY,ARUN>CHAL PRADESH,,12,"230",585432.56627600000,9275386882.01000022888,385,0,0
PAREN,N>G>LAND,,13,"613",291328.07347800001,1758397406.13000011444,78,10158,130.230769230769
EAST KAMENG,ARUN>CHAL PRADESH,,12,"231",393940.01619200001,4257152032.24000024796,177,0,0
PURBA MEDIN|PUR,WEST BENGAL,,19,"317",399699.23537600000,3809310320.48999977112,158,0,0
FAR|D>B>D,HARY>NA,,6,"60",151373.00089800000,718856360.79700005054,30,0,0
FAR|DKOT,PUNJAB,,3,"29",232052.26959300000,1423775135.23000001907,58,0,0
FATEH>B>D,HARY>NA,,6,"61",325531.83446200000,2453477038.90999984741,99,0,0
FATEHGARH S>HIB,PUNJAB,,3,"30",244335.23536399999,1122052750.53999996185,46,0,0
F>ZILKA,PUNJAB,,3,"651",365353.75426700001,2798830588.69000005722,118,0,0
F|ROZPUR,PUNJAB,,3,"31",385056.48312100000,2314053247.57000017166,91,0,0
GADCHIROLI,MAH>R>SHTRA,,27,"475",920122.85880699998,14017683711.00000000000,582,531,0.912371134020619
GAYA,BIH>R,,10,"196",620896.44515199994,4777635300.78999996185,199,0,0
GONDIA,MAH>R>SHTRA,,27,"476",527555.69096399995,4995326134.93000030518,209,0,0
GOP>LGANJ,BIH>R,,10,"197",347790.47249299998,1961517112.42000007629,83,0,0
GURD>SPUR,PUNJAB,,3,"32",329343.61522500002,2552622899.17999982834,105,0,0
GURUGR>M,HARY>NA,,6,"62",248625.67677300001,1209068040.60999989510,51,0,0
H>ORA,WEST BENGAL,,19,"313",256027.65842399999,1412767027.83999991417,58,0,0
HINGOLI,MAH>R>SHTRA,,27,"477",498581.11143599998,4555533347.48999977112,188,0,0
HIS>R,HARY>NA,,6,"63",419949.44063700002,3950342805.32000064850,164,0,0
HOSHI>RPUR,PUNJAB,,3,"33",432605.84803599998,3311392436.65000057220,133,0,0
HUGLI,WEST BENGAL,,19,"312",505309.74394600000,3032496221.34000015259,129,0,0
HYDERABAD,TELANG>NA,,36,"507",97488.84848460001,186457186.38600000739,8,419,52.375
JAH>NAB>D,BIH>R,,10,"199",224922.65849900001,901901119.09300005436,37,0,0
JALANDHAR,PUNJAB,,3,"34",455724.59793100000,2578783505.38000011444,104,0,0
JALGAON,MAH>R>SHTRA,,27,"478",824987.50140299997,11369781385.29999923706,471,0,0
J>LNA,MAH>R>SHTRA,,27,"479",700656.75919200003,7419966772.87999916077,311,0,0
JALP>IGURI,WEST BENGAL,,19,"314",457613.01013399998,3305834749.07999944687,138,0,0
JAM@I,BIH>R,,10,"198",405324.44672000001,2982271479.05000019073,127,0,0
JHAJJAR,HARY>NA,,6,"64",309139.08757999999,1798823691.95000004768,78,0,0
J|ND,HARY>NA,,6,"65",405414.55519099999,2649068440.13999986649,110,0,0
KAITHAL,HARY>NA,,6,"66",361977.80249300000,2209712057.94000005722,93,0,0
KAP@RTHALA,PUNJAB,,3,"35",437645.66748900001,1595462047.00000000000,68,0,0
KARIMNAGAR,TELANG>NA,,36,"508",299187.55706500000,1944842231.25999999046,78,291715,3739.9358974359
KARN>L,HARY>NA,,6,"67",349782.07734199998,2405776731.96999979019,96,0,0
KATIH>R,BIH>R,,10,"201",478940.31666600000,2928810938.65999984741,123,0,0
KHAGARIA,BIH>R,,10,"202",296638.07054400002,1435972672.35999989510,56,0,0
BHADRADRI KOTHAGUDEM,TELANG>NA,,36,"690",620536.30503199995,6719987898.75000000000,273,239277,876.472527472527
KINNAUR,HIM>CHAL PRADESH,,2,"19",495434.81198100001,6364783590.95000076294,258,0,0
UKHRUL,MANIPUR,Not Verified on Ground,14,"260",269579.39647500002,2011470670.77999973297,83,117923,1420.75903614458
PHEK,N>G>LAND,,13,"248",289810.11156300001,1801582664.52000021935,74,180692,2441.78378378378
KISHANGANJ,BIH>R,,10,"203",397841.35558199999,1857761059.02000021935,77,0,0
KOCH BIH>R,WEST BENGAL,,19,"308",841654.03021100000,3247437102.73999977112,132,0,0
KOLH>PUR,MAH>R>SHTRA,,27,"480",945182.45642299997,7506208619.80000019073,304,0,0
KOLK>TA,WEST BENGAL,,19,"315",96223.51866360000,178361733.72699999809,6,0,0
KURUKSHETRA,HARY>NA,,6,"68",263847.59519399999,1629906619.71000003815,64,0,0
KURUNG KUMEY,ARUN>CHAL PRADESH,,12,"233",350111.36437299999,4293936005.40999984741,175,0,0
L>HUL & SPITI,HIM>CHAL PRADESH,,2,"21",925110.63325800002,13723849956.00000000000,562,0,0
LAKH|SAR>I,BIH>R,,10,"204",227780.12427199999,1174137501.55999994278,47,0,0
L>T@R,MAH>R>SHTRA,,27,"481",549557.84813800000,6991881390.97999954224,285,23348,81.9228070175439
LOHIT,ARUN>CHAL PRADESH,,12,"234",380960.13075999997,2950775016.21000003815,124,0,0
LOWER DIB>NG VALLEY,ARUN>CHAL PRADESH,,12,"235",406120.97715699999,3423274244.53999996185,142,0,0
LUDHI>NA,PUNJAB,,3,"36",398856.01997000002,3599128291.44000053406,148,0,0
MADHEPURA,BIH>R,,10,"205",348104.04725399998,1739730361.65000009537,74,0,0
MADHUBANI,BIH>R,,10,"206",479370.37418099999,3372295594.54000043869,143,0,0
MAHABUBNAGAR,TELANG>NA,,36,"512",430286.90713700000,2736448853.40000009537,110,0,0
MAHARAJGANJ,UTTAR PRADESH,,9,"164",404449.08306600002,2839810871.63999986649,117,0,0
MAHENDRAGARH,HARY>NA,,6,"69",396168.04348400002,1869906630.48000001907,74,0,0
M>LDAH,WEST BENGAL,,19,"316",483310.58824999997,3452047666.05000066757,143,0,0
M>NSA,PUNJAB,,3,"37",345168.46661100001,2110335727.31999969482,85,0,0
SIDDIPET,TELANG>NA,,36,"692",405896.36558200000,3601690110.63999938965,145,181437,1251.28965517241
MEW>T,HARY>NA,,6,"604",337936.48281299998,1463782591.41000008583,60,0,0
MOGA,PUNJAB,,3,"38",305850.12339500000,2194885167.26999998093,92,0,0
WOKHA,N>G>LAND,,13,"250",255022.83165400001,1548103979.91000008583,66,0,0
SRI MUKTSAR S>HIB,PUNJAB,,3,"39",353904.86416300002,2570525722.42999982834,106,0,0
MUMBAI CITY,MAH>R>SHTRA,,27,"482",61422.97777950000,62033859.23340000212,2.56156396724948,0,0
MUNGER,BIH>R,,10,"207",268751.40835099999,1357713390.55999994278,56,0,0
MURSHID>B>D,WEST BENGAL,,19,"319",588272.80735500006,5141584760.21000003815,213,0,0
MUZAFFARPUR,BIH>R,,10,"208",427403.51451200002,3060657836.90999937057,126,0,0
NADIA,WEST BENGAL,,19,"320",684999.08419900003,3746173399.92999982834,158,0,0
N>GPUR,MAH>R>SHTRA,,27,"484",650985.89803699998,9538672320.57999992371,397,0,0
N>LANDA,BIH>R,,10,"209",407293.66629999998,2278188021.63999986649,94,0,0
NALGONDA,TELANG>NA,,36,"514",470569.74056700000,7030889222.38000011444,285,429515,1507.0701754386
N>NDED,MAH>R>SHTRA,,27,"485",1053017.43072999991,10199321660.60000038147,424,3337,7.87028301886792
NANDURB>R,MAH>R>SHTRA,,27,"486",723808.46522899996,5736401138.56000041962,235,0,0
N>SHIK,MAH>R>SHTRA,,27,"487",897467.63809799997,14979851771.60000038147,621,0,0
NAW>DA,BIH>R,,10,"210",381420.36069100001,2396138340.44999980927,99,0,0
SHAH|D BHAGAT SINGH NAGAR,PUNJAB,,3,"40",263509.14154899999,1234296266.51999998093,50,0,0
NIZAMABAD,TELANG>NA,,36,"516",346070.28886799997,4082862634.67000007629,169,532934,3153.45562130177
NORTH TWENTY-FOUR PARGANAS,WEST BENGAL,,19,"303",591635.65516099997,3852227699.30000019073,159,24228,152.377358490566
USM>N>B>D,MAH>R>SHTRA,,27,"488",812462.78099200001,7358562067.18999958038,302,4817,15.9503311258278
P>LGHAR,MAH>R>SHTRA,,27,"665",473314.44491299998,5094568810.93999958038,212,0,0
PALWAL,HARY>NA,,6,"619",236392.76834600000,1313937684.51999998093,55,0,0
PANCHKULA,HARY>NA,,6,"70",220844.25383400000,858678376.09199988842,36,0,0
P>N|PAT,HARY>NA,,6,"71",205738.44896099999,1263800771.46000003815,52,0,0
PAPUMPARE,ARUN>CHAL PRADESH,,12,"237",429256.81612500001,3324532414.55999994278,138,0,0
PARBHANI,MAH>R>SHTRA,,27,"489",595317.48248999997,6105206721.98999977112,255,0,0
PASHCHIMI CHAMP>RAN,BIH>R,,10,"211",489853.43231900001,5042948136.82999992371,208,0,0
PASCHIM MEDIN|PUR,WEST BENGAL,,19,"318",556149.94249399996,6037537639.81000041962,253,0,0
PATH>NKOT,PUNJAB,,3,"662",246908.58751899999,933021429.61000001431,40,0,0
PATI>LA,PUNJAB,,3,"41",638392.49482899997,3227294801.32000017166,134,0,0
PATNA,BIH>R,,10,"212",567476.30423100002,3073915633.23999977112,129,0,0
PITHOR>GARH,UTTAR>KHAND,,5,"53",596635.24759499996,7034591198.60999870300,288,0,0
PUNE,MAH>R>SHTRA,,27,"490",1021913.71843999997,15181792460.79999923706,621,0,0
P@RBI CHAMP>RAN,BIH>R,,10,"213",479736.56260599999,3827052231.13999986649,159,0,0
P@RNIA,BIH>R,,10,"214",463494.15455400001,3108045538.36999988556,131,0,0
PURULIYA,WEST BENGAL,,19,"321",584001.42604299996,6016746178.15000057220,247,0,0
R>YGAD,MAH>R>SHTRA,,27,"491",712807.60428199999,6772380900.45999908447,278,0,0
RANGAREDDY,TELANG>NA,,36,"518",537924.59789600002,4872059069.51000022888,202,334402,1655.45544554455
RATN>GIRI,MAH>R>SHTRA,,27,"492",733803.82123700005,8081757310.55000019073,330,101009,306.087878787879
REW>RI,HARY>NA,,6,"72",287206.33533500001,1501531415.54999995232,66,0,0
ROHTAK,HARY>NA,,6,"73",245463.49573200001,1616224665.16999983788,68,0,0
ROHT>S,BIH>R,,10,"215",408552.31269400002,3699484570.92999982834,151,0,0
R@PNAGAR,PUNJAB,,3,"42",332146.98984300002,1342569809.52999997139,56,0,0
SAHARSA,BIH>R,,10,"216",307404.10225699999,1605644052.47000026703,68,0,0
SAMAST|PUR,BIH>R,,10,"217",463099.31530299998,2573275110.80000019073,109,0,0
S>NGLI,MAH>R>SHTRA,,27,"493",947268.37584600004,8391930255.02000045776,354,0,0
SANGR@R,PUNJAB,,3,"43",516708.80469199998,3510599164.30000019073,141,0,0
S>RAN,BIH>R,,10,"218",322369.31716500001,2542123199.51999998093,106,0,0
SAS NAGAR (SAH|BZ>DA AJ|T SINGH NAGAR),PUNJAB,,3,"608",315615.19610900001,1065348207.45000004768,43,0,0
S>T>RA,MAH>R>SHTRA,,27,"494",725488.71266099997,10194658859.10000038147,414,15464,37.3526570048309
SEN>PATI,MANIPUR,,14,"257",240669.07636100001,1683367286.11999964714,70,24123,344.614285714286
SHEIKHPURA,BIH>R,,10,"219",225076.13792199999,652669229.11899995804,29,0,0
SHEOHAR,BIH>R,,10,"220",172353.88033799999,428234734.13300001621,17,0,0
SINDHUDURG,MAH>R>SHTRA,,27,"495",607457.84160499997,5000891034.15999984741,204,1887,9.25
SIRSA,HARY>NA,,6,"74",426814.01878099999,4147871217.32000017166,174,0,0
S|T>MARHI,BIH>R,,10,"221",381932.31921799999,2109556706.20000004768,85,0,0
SIW>N,BIH>R,,10,"222",311945.38538400002,2137754677.17000007629,89,0,0
SOL>PUR,MAH>R>SHTRA,,27,"496",1286705.84715999989,14450282152.00000000000,603,0,0
SON|PAT,HARY>NA,,6,"75",280154.81635899999,2112606012.03999996185,86,0,0
SOUTH TWENTY-FOUR PARGANAS,WEST BENGAL,,19,"304",1696638.53141999990,7380975871.01000022888,305,1012641,3320.13442622951
SUB URBAN MUMBAI,MAH>R>SHTRA,,27,"483",118690.85565300001,418051976.49900001287,17,0,0
SUPAUL,BIH>R,,10,"223",373518.12911799998,2331739304.96000003815,92,0,0
TAMENGLONG,MANIPUR,,14,"258",377796.10522899998,2901830877.07999992371,119,267450,2247.47899159664
TARN T>RAN,PUNJAB,,3,"609",314763.38614000002,2361087613.76000022888,97,0,0
TAWANG,ARUN>CHAL PRADESH,,12,"238",311006.71283500001,2371676838.21999979019,97,0,0
TH>NE,MAH>R>SHTRA,,27,"497",438859.05902599997,4136100179.65999984741,172,0,0
THOUB>L,MANIPUR,,14,"259",130368.88396700000,378152455.38400000334,15,0,0
TIR>P,ARUN>CHAL PRADESH,,12,"239",184942.10308000000,1132502137.45000004768,48,64072,1334.83333333333
K>MJONG,MANIPUR,,14,"717",238791.20768699999,2291046228.11999988556,94,0,0
UPPER SIANG,ARUN>CHAL PRADESH,,12,"240",478881.59121200000,6489805076.93999958038,265,0,0
UPPER SUBANSIRI,ARUN>CHAL PRADESH,,12,"241",476128.57510199997,6268085490.82999992371,258,0,0
UTTAR DIN>JPUR,WEST BENGAL,,19,"311",744493.17900200002,3018031067.05999994278,126,0,0
UTTARK>SHI,UTTAR>KHAND,,5,"57",669211.27814299997,7791379716.94999980927,323,0,0
VAISH>LI,BIH>R,,10,"224",264300.27730600000,1961030614.85999989510,81,0,0
MULUGU,TELANG>NA,,36,"720",382336.82552600000,4164777330.67000007629,170,242384,1425.78823529412
WARDHA,MAH>R>SHTRA,,27,"498",494888.00371000002,6083172728.76000118256,252,0,0
W>SH|M,MAH>R>SHTRA,,27,"499",600302.44519999996,4955811384.28999996185,207,0,0
WEST KAMENG,ARUN>CHAL PRADESH,,12,"242",378357.64760500001,4742700076.47000026703,202,0,0
LOWER SIANG,ARUN>CHAL PRADESH,Not Verified on Ground,12,"719",297474.74506900000,1751262989.52999997139,73,0,0
YAMUN>NAGAR,HARY>NA,,6,"76",274920.56299599999,1674414309.22999978065,70,0,0
YAVATM>L,MAH>R>SHTRA,,27,"500",928990.41298300005,13121639303.70000076294,546,0,0
DIMAPUR,N>G>LAND,,13,"244",260538.99712000001,734104449.27999997139,29,0,0
KOHIMA,N>G>LAND,,13,"245",220033.10914600000,1264748302.39000010490,52,0,0
KIPHIRE,N>G>LAND,,13,"614",191252.72741200001,1087316396.07999992371,46,145491,3162.84782608696
ZUNHEBOTO,N>G>LAND,,13,"251",299587.30264000001,1516332115.80999994278,64,125364,1958.8125
MOKOKCHUNG,N>G>LAND,,13,"246",306785.57919800002,1545211286.71000003815,65,0,0
MON,N>G>LAND,,13,"247",297229.42662500002,2097915195.03000020981,87,25517,293.298850574713
TUENSANG,N>G>LAND,,13,"249",275601.53175700002,2053524533.16000032425,82,293485,3579.08536585366
JAMMU,JAMMU AND KASHM|R,,1,"5",379215.13332700002,2375423523.40999984741,90,0,0
LOWER SUBANSIRI,ARUN>CHAL PRADESH,,12,"236",265052.78362200002,1875008315.30999994278,79,0,0
LONGLENG,N>G>LAND,,13,"615",186647.28306900000,564216056.71800005436,23,2489,108.217391304348
NONEI,MANIPUR,Not Verified on Ground,14,"714",208746.50124499999,1133651775.59999990463,46,333510,7250.21739130435
PHERZAWL,MANIPUR,Not Verified on Ground,14,"715",276653.03063100000,2062707915.89000010490,86,380674,4426.44186046512
TENGNOUP>L,MANIPUR,Not Verified on Ground,14,"716",180746.75957600001,1182785073.35999989510,51,73669,1444.49019607843
K>NGPOKPI,MANIPUR,Not Verified on Ground,14,"712",509252.09187900001,1665864941.94000005722,72,247367,3435.65277777778
KAKCHING,MANIPUR,Not Verified on Ground,14,"711",116224.39702200000,307735976.30500000715,14,0,0
CHARKHI D>DRI,HARY>NA,,6,"701",259526.53805300000,1338808894.22000002861,54,0,0
JH>RGR>M,WEST BENGAL,Not Verified on Ground,19,"703",480353.66233999998,2982702702.90999984741,121,0,0
PASCHIM BARDDHAM>N,WEST BENGAL,Not Verified on Ground,19,"704",289409.54060800001,1739923314.38999986649,71,0,0
K>LIMPONG,WEST BENGAL,Not Verified on Ground,19,"702",175959.21444200000,1054104617.74000000954,44,0,0
JOGULAMBA GADWAL,TELANG>NA,,36,"695",275697.94596899999,2519829844.46000003815,104,101907,979.875
SIANG,ARUN>CHAL PRADESH,Not Verified on Ground,12,"679",381310.00319500000,3337731638.09999990463,139,0,0
WEST SIANG,ARUN>CHAL PRADESH,,12,"243",205653.05608899999,1288854388.03999996185,55,0,0
SHI YOMI,ARUN>CHAL PRADESH,Not Verified on Ground,12,"725",234935.06685900001,2533614848.59000015259,105,0,0
LEPA RADA,ARUN>CHAL PRADESH,Not Verified on Ground,12,"724",136851.79985099999,740599302.21500003338,30,0,0
PAKKE KESSANG,ARUN>CHAL PRADESH,Not Verified on Ground,12,"723",292751.20506100002,1841756403.83999991417,78,0,0
KRA DAADI,ARUN>CHAL PRADESH,Not Verified on Ground,12,"677",272548.02579500002,1700826022.83000016212,70,0,0
NAMSAI,ARUN>CHAL PRADESH,Not Verified on Ground,12,"678",173448.76074100001,1295671649.56999993324,54,0,0
KAMLE,ARUN>CHAL PRADESH,Not Verified on Ground,12,"718",226425.94141999999,1331507163.19000005722,55,0,0
KUMURAM BHEEM,TELANG>NA,,36,"699",447185.46004799998,4389641780.53999996185,179,147907,826.296089385475
MANCHERIAL,TELANG>NA,,36,"684",418015.09058199998,3735524781.13000011444,154,105910,687.727272727273
NIRMAL,TELANG>NA,,36,"680",459638.56056399998,3597101915.57999992371,146,204823,1402.89726027397
KAMAREDDY,TELANG>NA,,36,"685",471598.12221200002,3636649674.76999998093,151,93124,616.715231788079
SANGAREDDY,TELANG>NA,,36,"691",628664.61129499995,4329919641.72999954224,176,194331,1104.15340909091
NAGARKURNOOL,TELANG>NA,,36,"694",519937.68095700000,6064302746.31999969482,252,416125,1651.28968253968
WANAPARTHY,TELANG>NA,,36,"693",311149.92040800001,2133248183.71000003815,85,3,0.0352941176470588
NARAYANPET,TELANG>NA,,36,"721",347978.23079200002,2351813053.88999986649,97,153947,1587.0824742268
VIKARABAD,TELANG>NA,,36,"698",424080.60599800001,3610141215.44999980927,149,203360,1364.8322147651
MEDCHAL-MALKAJGIRI,TELANG>NA,,36,"700",211617.34278599999,1046768227.33999991417,45,50077,1112.82222222222
YADADRI BHUVANAGIRI,TELANG>NA,,36,"697",379535.13873399998,3144205247.84999990463,129,24623,190.875968992248
SURYAPET,TELANG>NA,,36,"696",343671.05982500000,3505231009.42000007629,142,260854,1837
KHAMMAM,TELANG>NA,,36,"509",622797.31519800005,4560107344.96000003815,190,760742,4003.90526315789
MAHABUBABAD,TELANG>NA,,36,"688",360890.03978100000,3446089924.42999982834,139,165392,1189.87050359712
JANGAON,TELANG>NA,,36,"689",306486.35182200000,2357756404.51999998093,100,6107,61.07
WARANGAL (URBAN),TELANG>NA,,36,"686",189478.39817000000,1131099837.71000003815,45,66707,1482.37777777778
WARANGAL (RURAL),TELANG>NA,,36,"522",308652.44989599998,2173393161.26999998093,94,158381,1684.90425531915
JAYASHANKAR BHUPALAPALLY,TELANG>NA,,36,"687",356652.74043499999,2788086101.25000000000,117,66045,564.487179487179
PEDDAPALLI,TELANG>NA,,36,"682",241335.07819199999,2127605718.57000017166,90,116595,1295.5
JAGTIAL,TELANG>NA,,36,"681",287769.56677400001,2796130892.46000003815,116,278841,2403.80172413793
RANJANNA SIRCILLA,TELANG>NA,,36,"683",235176.92162400001,1754886118.06999993324,77,158964,2064.46753246753
MEDAK,TELANG>NA,,36,"513",420195.17294600001,2670510023.51999998093,105,134500,1280.95238095238
EAST SIANG,ARUN>CHAL PRADESH,,12,"232",212629.71485799999,1623400625.01999998093,68,0,0
LONGDING,ARUN>CHAL PRADESH,Not Verified on Ground,12,"666",171487.61259800001,902244317.47699999809,36,88454,2457.05555555556
ARIYAL@R,TAMIL N>DU,,33,"610",259098.15307800000,1953551845.54999995232,77,0,0
CHENGALPATTU,TAMIL N>DU,,33,"730",358842.50591800001,2720867896.50000000000,113,311976,2760.84955752212
CHENNAI,TAMIL N>DU,,33,"568",129264.58498600000,332995243.65899997950,13,3229,248.384615384615
COIMBATORE,TAMIL N>DU,,33,"569",567689.26418800000,4774994296.48999977112,189,17785,94.1005291005291
CUDDALORE,TAMIL N>DU,,33,"570",538000.31045899994,3726277215.72000026703,147,9266,63.0340136054422
DHARMAPURI,TAMIL N>DU,,33,"571",524839.92595399998,4507661284.65999984741,177,373569,2110.5593220339
DINDIGUL,TAMIL N>DU,,33,"572",647345.61217199999,6144763049.18999958038,245,674418,2752.72653061224
ERODE,TAMIL N>DU,,33,"573",754856.03542900004,5145413409.27999973297,201,180022,895.63184079602
K>NCHIPURAM,TAMIL N>DU,,33,"574",434909.58143399999,1742378007.19999980927,68,139194,2046.97058823529
KALLAKKURICHI,TAMIL N>DU,,33,"729",423126.66544800001,3547769481.38999986649,141,462009,3276.65957446808
KANY>KUMARI,TAMIL N>DU,,33,"575",250200.34126600000,1735656760.70000004768,64,122614,1915.84375
KAR@R,TAMIL N>DU,,33,"576",465382.76362099999,2937839639.38999986649,115,334288,2906.85217391304
MADURAI,TAMIL N>DU,,33,"578",556591.14273399999,3778649192.34000015259,148,243665,1646.38513513514
N|LGIRIS,TAMIL N>DU,,33,"587",348091.55066100002,2448560749.01000022888,97,259246,2672.63917525773
N>GAPATTINAM,TAMIL N>DU,,33,"579",551117.20737199998,2596160074.42000007629,109,0,0
N>MAKKAL,TAMIL N>DU,,33,"580",421895.92602900002,3447144066.82999992371,142,397657,2800.4014084507
PERAMBAL@R,TAMIL N>DU,,33,"581",293242.93593099999,1771180070.40000009537,71,99121,1396.07042253521
PUDUKKOTTAI,TAMIL N>DU,,33,"582",700396.39969300001,4724470766.07999992371,190,331950,1747.10526315789
R>MAN>THAPURAM,TAMIL N>DU,,33,"583",759677.18672899995,4205965470.07000017166,159,55785,350.849056603774
R>NIPPETTAI,TAMIL N>DU,,33,"731",364819.85709599999,1844110586.89999985695,75,2892,38.56
SALEM,TAMIL N>DU,,33,"584",915161.46665600000,6037029189.72999954224,243,410355,1688.7037037037
SIVAGANGA,TAMIL N>DU,,33,"585",696117.07850099995,4324025753.96000003815,169,747476,4422.9349112426
TENI,TAMIL N>DU,,33,"588",346738.89704299998,2923469272.80000019073,114,0,0
TENKASI,TAMIL N>DU,,33,"733",376983.82050700003,2883873054.36999988556,113,220343,1949.93805309735
THANJ>V@R,TAMIL N>DU,,33,"586",657496.45538499998,3471130011.69000005722,136,0,0
THIRUV>R@R,TAMIL N>DU,,33,"590",478490.38886800001,2294247331.82000017166,88,0,0
TIRUCHIR>PALLI,TAMIL N>DU,,33,"591",803655.82080099999,4544662494.21000003815,179,695530,3885.64245810056
TIRUNELVELI,TAMIL N>DU,,33,"592",472798.25566700002,4003497672.71999979019,156,261550,1676.60256410256
TIRUPP@R,TAMIL N>DU,,33,"634",694086.49690599996,5258915004.30000019073,202,147922,732.287128712871
TIRUPPATT@R,TAMIL N>DU,,33,"732",320210.74399300001,2114299060.61999988556,84,442315,5265.65476190476
TIRUVALL@R,TAMIL N>DU,,33,"589",690569.58346100000,3213859851.86999940872,126,159308,1264.34920634921
TIRUVANN>MALAI,TAMIL N>DU,,33,"593",717314.50534200005,6180277375.92000007629,247,298184,1207.22267206478
TUTICORIN,TAMIL N>DU,,33,"594",528597.00421699998,4873818770.80000019073,192,214276,1116.02083333333
VELLORE,TAMIL N>DU,,33,"595",428348.67737100000,2101439158.84999990463,87,193832,2227.95402298851
VILLUPURAM,TAMIL N>DU,,33,"596",599858.09447999997,3669168010.94999980927,140,67117,479.407142857143
VIRUDHUNAGAR,TAMIL N>DU,,33,"597",574984.91636499995,4336580864.72999954224,169,159626,944.532544378698
KRISHNAGIRI,TAMIL N>DU,,33,"577",636648.09591100004,5134733859.90999984741,205,241237,1176.76585365854
DISPUTED (NIMACH & CHITTAURGARH ),DISPUTED (MADHYA PRADESH & R>JASTH>N),,0,,12630.20746250000,3402949.32241000002,0.141529455606652,0,0
DISPUTED (B>R>N & SHEOPUR,DISPUTED (MADHYA PRADESH & R>JASTH>N),,0,,13344.14686240000,8037774.79578000028,0.334220094905395,0,0
DISPUTED (S>BAR K>NTHA & UDAIPUR),DISPUTED (R>JATH>N & GUJAR>T),,0,,59030.26943890000,11986027.05069999956,0.498275824405111,0,0
DISPUTED (S>BAR K>NTHA & SIROHI),DISPUTED (R>JATH>N & GUJAR>T),,0,,10923.65413700000,1639688.34786000010,0.0682140135480018,0,0
DADRA & NAGAR HAVELI,D>DRA & NAGAR HAVELI & DAM>N & DIU,,38,"465",225234.79204500001,473306908.96700000763,19,31380,1651.57894736842
BAKSA,ASSAM,,18,"616",511427.73745900003,2575624328.21000003815,96,0,0
BARPETA,ASSAM,,18,"280",415011.19768300001,2141792153.47000026703,89,0,0
BISWANATH,ASSAM,Not Verified on Ground,18,"705",226550.26311999999,1720650757.74000000954,87,0,0
BONGAIGAON,ASSAM,,18,"281",278101.50846500002,938074332.77699995041,43,0,0
CACHAR,ASSAM,,18,"282",433439.25827200001,3638666626.69000005722,154,0,0
CHARAIDEO,ASSAM,Not Verified on Ground,18,"708",224632.57132500000,1036074512.95000004768,39,12499,320.48717948718
CHIRANG,ASSAM,,18,"612",310549.77846399997,1962996248.16000008583,78,0,0
DARRANG,ASSAM,,18,"283",331697.06167600001,1309522556.97000002861,61,0,0
DHEMAJI,ASSAM,,18,"284",401430.52996600000,2381017115.25000000000,99,0,0
DHUBRI,ASSAM,NOT VERIFIED,18,"285",484020.12303500000,1514111328.25999999046,66,0,0
DIBRUGARH,ASSAM,,18,"286",441649.09141800000,3275833020.17000007629,131,12882,98.3358778625954
DIM> H>SAO,ASSAM,,18,"299",499690.77233700000,4698230544.10000038147,192,0,0
GOALPARA,ASSAM,,18,"287",330027.80952299997,1847011606.20000028610,82,0,0
GOLAGHAT,ASSAM,NOT VERIFIED,18,"288",611752.90868300002,3389099120.73000001907,133,0,0
HAILAKANDI,ASSAM,,18,"289",262606.79240699997,1278171571.75000000000,51,0,0
HOJAI,ASSAM,Not Verified on Ground,18,"709",252272.50063200001,1401079754.04999995232,57,50601,887.736842105263
JORHAT,ASSAM,NOT VERIFIED,18,"290",348007.02277799998,1976286241.86999988556,73,0,0
KAMRUP METRO,ASSAM,,18,"618",217860.15088199999,924998183.28900015354,41,0,0
KAMRUP RURAL,ASSAM,,18,"291",533767.45439900004,3002073957.67000055313,127,0,0
KARBI ANGLONG,ASSAM,Not Verified on Ground,18,"292",793115.49534599995,7052761470.84000015259,292,0,0
KARIMGANJ,ASSAM,,18,"293",253526.55593500001,1743612777.20000004768,76,0,0
KOKRAJHAR,ASSAM,,18,"294",370102.89945800003,3005469475.00000000000,125,0,0
LAKHIMPUR,ASSAM,,18,"295",372367.88503300003,2888806626.55000019073,121,0,0
MAJULI,ASSAM,Not Verified on Ground,18,"706",187633.77704099999,760410814.68700003624,51,0,0
MARIGAON,ASSAM,,18,"296",225512.75186200000,1483599654.86999988556,60,0,0
NAGAON,ASSAM,NOT VERIFIED,18,"297",595983.80540099996,2482159569.61999988556,102,0,0
NALBARI,ASSAM,,18,"298",235768.40190699999,1020897077.31000006199,40,0,0
SIBSAGAR,ASSAM,NOT VERIFIED,18,"300",266939.34807800001,1512179589.01000022888,66,0,0
SONITPUR,ASSAM,NOT VERIFIED,18,"301",302021.09840199997,3318736009.51999998093,120,0,0
SOUTH SALMARA MANCACHAR,ASSAM,Not Verified on Ground,18,"707",234231.82711600000,657868873.69900000095,24,0,0
TINSUKIA,ASSAM,,18,"302",419712.54077000002,3677171930.98000001907,152,10800,71.0526315789474
UDALGURI,ASSAM,,18,"617",363765.33847800002,1977227539.25000000000,84,0,0
WEST KARBI ANGLONG,ASSAM,Not Verified on Ground,18,"710",430785.10403699998,2957339839.67000007629,124,0,0
